Unnamed: 0,FirstObjectDistance_X,FirstObjectDistance_Y,SecondObjectDistance_X,SecondObjectDistance_Y,ThirdObjectDistance_X,ThirdObjectDistance_Y,FourthObjectDistance_X,FourthObjectDistance_Y,VehicleSpeed,FirstObjectSpeed_X,FirstObjectSpeed_Y,SecondObjectSpeed_X,SecondObjectSpeed_Y,ThirdObjectSpeed_X,ThirdObjectSpeed_Y,FourthObjectSpeed_X,FourthObjectSpeed_Y,YawRate,Timestamp
0,64.1484375,11.28125,42.6171875,-9.0078125,24.2421875,-9.6640625,93.9375,13.3984375,0.0,-0.0078125,0.0,0.015625,0.00390625,0.00390625,0.02734375,0.02734375,0.0,0.0,33.241503657
1,64.125,11.2734375,42.6171875,-9.0078125,24.234375,-9.6640625,0.0,0.0,0.0,-0.015625,0.0,-0.0078125,0.01171875,0.0,0.0234375,0.0,0.0,0.0,33.335959518
2,64.1484375,11.28125,42.6015625,-9.0625,24.25,-9.625,0.0,0.0,0.0,-0.01171875,0.0,-0.00390625,-0.03515625,0.01953125,0.03125,0.0,0.0,0.0,33.429725329
3,64.1328125,11.2890625,42.59375,-9.109375,24.25,-9.625,0.0,0.0,0.0,-0.015625,0.0,0.0,-0.0546875,0.01171875,0.046875,0.0,0.0,0.0,33.522769212
4,64.1328125,11.2890625,42.59375,-9.1171875,24.265625,-9.5703125,0.0,0.0,0.0,0.0,0.00390625,0.0,-0.04296875,0.03125,0.0625,0.0,0.0,0.0,33.618715486
5,64.125,11.296875,42.6015625,-9.1328125,24.2265625,-9.609375,0.0,0.0,0.0,0.01171875,0.00390625,0.00390625,-0.03125,0.0,-0.01171875,0.0,0.0,0.0,33.715473678
6,64.1171875,11.28125,42.59375,-9.1640625,24.1875,-9.6171875,64.9375,1.171875,0.0,0.00390625,0.00390625,-0.01953125,-0.03125,-0.0078125,-0.0703125,-0.98046875,0.00390625,0.0,33.812754816
7,64.125,11.2734375,42.59375,-9.140625,24.1484375,-9.640625,64.796875,1.1328125,0.0,0.02734375,0.0,-0.0234375,0.0,-0.03125,-0.07421875,-0.90234375,-0.015625,0.0,33.911778778
8,64.125,11.296875,42.59375,-9.1171875,24.1015625,-9.65625,0.0,0.0,0.0,0.015625,0.00390625,-0.02734375,0.015625,-0.046875,-0.11328125,0.0,0.0,0.0,34.008659958
9,64.1015625,11.2890625,42.59375,-9.1171875,24.046875,-9.6953125,0.0,0.0,0.0,0.01171875,0.0,0.0,-0.0078125,-0.06640625,-0.12890625,0.0,0.0,0.0,34.10609708
10,64.0859375,11.28125,42.59375,-9.1015625,24.0078125,-9.703125,46.0703125,-11.5859375,0.0,-0.0078125,0.0,0.015625,-0.00390625,-0.0703125,-0.15234375,-0.0078125,0.02734375,0.0,34.202809277
11,64.078125,11.296875,42.578125,-9.1640625,23.9609375,-9.6953125,46.046875,-11.5390625,0.0,0.0078125,0.00390625,0.0,-0.03125,-0.06640625,-0.1328125,0.00390625,0.01953125,0.0,34.300034421
12,64.0546875,11.265625,42.5859375,-9.1640625,23.921875,-9.6875,46.0390625,-11.578125,0.0,0.00390625,0.0,0.00390625,-0.0234375,-0.07421875,-0.12890625,0.0234375,-0.01171875,0.0,34.395294765
13,64.078125,11.2890625,42.59375,-9.140625,23.8671875,-9.71875,46.03125,-11.578125,0.0,-0.01171875,0.00390625,0.0078125,0.00390625,-0.078125,-0.1484375,-0.0078125,0.02734375,0.0,34.494988525
14,64.1015625,11.2734375,42.5859375,-9.2109375,23.828125,-9.6796875,45.96875,-11.53125,0.0,0.00390625,0.0,0.01171875,-0.0390625,-0.0625,-0.13671875,-0.0078125,0.01171875,0.0,34.590441679
15,64.09375,11.28125,42.59375,-9.1484375,23.7734375,-9.703125,45.9609375,-11.390625,0.0,0.0,0.0,0.01171875,0.0234375,-0.07421875,-0.11328125,-0.015625,0.07421875,0.0,34.687057968
16,64.09375,11.3125,42.5859375,-9.1796875,23.7265625,-9.6875,45.9609375,-11.453125,0.0,0.0,0.00390625,0.0,0.00390625,-0.06640625,-0.109375,0.015625,0.015625,0.0,34.784015298
17,64.0859375,11.28125,42.5859375,-9.171875,23.6953125,-9.6484375,45.9296875,-11.4921875,0.0,-0.01171875,0.0,0.0,0.00390625,-0.05078125,-0.08984375,0.0,-0.0078125,0.0,34.881995747
18,64.09375,11.2890625,42.6015625,-9.1015625,23.65625,-9.609375,45.9453125,-11.453125,0.0,-0.0078125,0.0,-0.0234375,0.06640625,-0.03125,-0.0625,-0.01171875,0.03515625,0.0,34.979477138
19,64.1015625,11.28125,42.6015625,-9.078125,23.625,-9.5703125,45.9453125,-11.4765625,0.0,0.01171875,0.0,-0.0078125,0.0546875,-0.03125,-0.0546875,0.0,0.01171875,0.0,35.076911523
20,64.1015625,11.265625,42.6015625,-9.03125,23.65625,-9.5390625,45.9453125,-11.4609375,0.0,0.00390625,0.0,0.0,0.046875,0.015625,0.01953125,-0.01171875,0.0234375,0.0,35.173999868
21,64.078125,11.2578125,42.625,-9.015625,23.6875,-9.5078125,45.9453125,-11.453125,0.0,0.0,-0.00390625,-0.01953125,0.0625,0.0390625,0.06640625,0.01171875,0.01171875,0.0,35.269583037
22,64.0859375,11.2578125,42.609375,-9.0546875,23.6484375,-9.484375,45.9609375,-11.46875,0.0,0.0078125,0.0,0.01953125,-0.0234375,0.015625,0.06640625,-0.07421875,0.07421875,0.0,35.366917411
23,64.1171875,11.265625,42.6328125,-9.0234375,23.671875,-9.453125,45.984375,-11.3828125,0.0,0.0390625,0.0,0.0625,-0.01171875,0.0390625,0.08203125,0.0078125,0.05859375,0.0,35.464399647
24,64.125,11.2734375,42.6171875,-9.109375,23.703125,-9.40625,45.9375,-11.375,0.0,0.046875,0.00390625,0.0078125,-0.0234375,0.0625,0.10546875,0.02734375,-0.0078125,0.0,35.562790682
25,64.125,11.2890625,42.578125,-9.2109375,23.7265625,-9.40625,45.9140625,-11.390625,0.0,-0.01953125,0.0,0.05859375,-0.109375,0.05859375,0.125,-0.00390625,-0.0078125,0.0,35.661783784
26,64.1328125,11.2734375,42.5859375,-9.1796875,23.6796875,-9.40625,45.9296875,-11.375,0.0,-0.0078125,0.0,0.02734375,-0.01171875,0.03515625,0.04296875,-0.015625,0.0234375,0.0,35.760335837
27,64.1328125,11.265625,42.5859375,-9.234375,23.6328125,-9.40625,45.9375,-11.3828125,0.0,0.0,0.0,0.01953125,-0.03515625,0.015625,0.015625,-0.01171875,0.015625,0.0,35.857453729
28,64.140625,11.2734375,42.609375,-9.203125,23.59375,-9.40625,45.953125,-11.359375,0.0,0.01953125,0.0,0.02734375,0.0,0.01171875,-0.05078125,0.00390625,0.01953125,0.0,35.954692634
29,64.1328125,11.2734375,42.5625,-9.2890625,0.0,0.0,45.96875,-11.3046875,0.0,0.00390625,0.0,-0.01171875,-0.04296875,0.0,0.0,0.01171875,0.03515625,0.0,36.05111644900001
30,64.1171875,11.2578125,42.515625,-9.3515625,0.0,0.0,45.9296875,-11.296875,0.0,0.0,-0.00390625,-0.0546875,-0.05078125,0.0,0.0,0.01171875,0.0,0.0,36.147725283
31,64.1171875,11.2578125,42.515625,-9.453125,0.0,0.0,45.9296875,-11.3203125,0.0,0.0,0.0,-0.0390625,-0.09375,0.0,0.0,0.0,0.0,0.0,36.244994192
32,64.1171875,11.2578125,42.5390625,-9.4609375,0.0,0.0,45.9296875,-11.3671875,0.0,0.0,0.0,0.03515625,-0.09375,0.0,0.0,0.01171875,-0.02734375,0.0,36.342477125
33,64.1171875,11.25,42.5625,-9.375,36.3359375,-9.4921875,45.9296875,-11.4453125,0.0,0.00390625,0.0,0.0078125,0.0,-0.015625,-0.02734375,-0.015625,-0.0390625,0.0,36.440780084
34,64.2109375,11.40625,42.5859375,-9.3125,36.328125,-9.515625,45.90625,-11.4609375,0.0,-0.01171875,0.00390625,-0.00390625,0.046875,-0.01171875,-0.04296875,-0.03515625,-0.02734375,0.0,36.539559459
35,64.1796875,11.3203125,42.6171875,-9.1953125,36.328125,-9.515625,45.8984375,-11.5390625,0.0,0.00390625,-0.0078125,0.03515625,0.08203125,-0.00390625,-0.03125,-0.0390625,-0.05078125,0.0,36.637875786
36,64.1875,11.2890625,42.6328125,-9.171875,36.328125,-9.5703125,45.8984375,-11.5625,0.0,0.015625,-0.01171875,0.01171875,0.08203125,0.00390625,-0.06640625,-0.03125,-0.046875,0.0,36.73644914
37,64.1875,11.2734375,42.640625,-9.171875,36.3203125,-9.578125,45.84375,-11.578125,0.0,0.01171875,-0.01171875,-0.0078125,0.0703125,0.00390625,-0.0546875,-0.05078125,-0.05859375,0.0,36.834025389
38,64.1875,11.28125,42.625,-9.234375,36.34375,-9.46875,45.84375,-11.6484375,0.0,0.0,-0.00390625,0.0625,-0.05859375,0.01171875,0.046875,-0.04296875,-0.05859375,0.0,36.932928777
39,64.1875,11.28125,42.578125,-9.296875,36.3515625,-9.4296875,45.84375,-11.6796875,0.0,0.0234375,-0.00390625,-0.02734375,-0.04296875,0.0234375,0.046875,-0.02734375,-0.05859375,0.0,37.02924889400001
40,64.1875,11.2890625,42.5625,-9.34375,36.375,-9.3359375,45.8671875,-11.578125,0.0,0.01953125,0.0,-0.03125,-0.0546875,0.03125,0.0859375,-0.01171875,0.0078125,0.0,37.125334987
41,64.171875,11.296875,42.5078125,-9.4453125,36.375,-9.3125,45.8671875,-11.3359375,0.0,0.01171875,0.00390625,-0.0234375,-0.11328125,0.03125,0.07421875,0.01953125,0.0703125,0.0,37.222719216
42,64.171875,11.3046875,42.4765625,-9.5,36.3828125,-9.265625,45.890625,-11.2890625,0.0,0.015625,0.00390625,0.0234375,-0.14453125,0.02734375,0.08203125,0.01953125,0.08203125,0.0,37.318606287
43,64.1640625,11.3046875,0.0,0.0,36.3828125,-9.2890625,45.890625,-11.34375,0.0,0.015625,0.00390625,0.0,0.0,0.01953125,0.03125,0.015625,0.02734375,0.0,37.416439564
44,64.1640625,11.296875,0.0,0.0,36.375,-9.3359375,45.8671875,-11.203125,0.0,0.00390625,0.0,0.0,0.0,0.0,0.0078125,0.02734375,0.0546875,0.0,37.513119381
45,64.1640625,11.28125,0.0,0.0,36.3671875,-9.3671875,45.859375,-11.0546875,0.0,-0.01171875,-0.00390625,0.0,0.0,-0.03125,0.00390625,0.0546875,0.0703125,0.0,37.611235485
46,64.1640625,11.2734375,45.046875,-10.484375,36.375,-9.3125,45.8515625,-10.9609375,0.0,-0.00390625,-0.00390625,0.0546875,0.11328125,0.00390625,0.015625,0.046875,0.0859375,0.0,37.709540611
47,64.1640625,11.2890625,45.0390625,-10.515625,36.3671875,-9.3671875,0.0,0.0,0.0,0.0,0.00390625,0.03125,0.05859375,-0.01171875,-0.015625,0.0,0.0,0.0,37.807816733
48,64.15625,11.28125,45.078125,-10.4140625,36.375,-9.328125,0.0,0.0,0.0,-0.0078125,0.0,0.00390625,0.1171875,0.00390625,0.0,0.0,0.0,0.0,37.904384663
49,64.15625,11.2890625,45.0703125,-10.4140625,36.3828125,-9.234375,0.0,0.0,0.0,-0.0078125,0.0,0.015625,0.0390625,0.01171875,0.046875,0.0,0.0,0.0,38.001783686
50,64.1484375,11.2890625,45.109375,-10.2734375,36.3828125,-9.234375,42.53125,-9.3125,0.0,0.0078125,0.00390625,0.02734375,0.09375,0.015625,0.03125,0.03125,-0.0234375,0.0,38.10014981800001
51,64.125,11.265625,45.140625,-10.2265625,36.375,-9.2578125,42.5234375,-9.3359375,0.0,0.00390625,0.0,0.01171875,0.09375,0.0,0.0078125,-0.0234375,0.01171875,0.0,38.198735976
52,64.1328125,11.265625,45.109375,-10.3359375,0.0,0.0,0.0,0.0,0.0,0.01953125,0.0,0.0234375,0.0,0.0,0.0,0.0,0.0,0.0,38.29560994000001
53,64.1171875,11.25,45.0625,-10.4140625,42.5234375,-9.2734375,0.0,0.0,0.0,-0.0078125,-0.00390625,-0.015625,-0.03515625,-0.01171875,0.0234375,0.0,0.0,0.0,38.39256191200001
54,64.0859375,11.25,45.0390625,-10.5,42.5625,-9.1796875,0.0,0.0,0.0,-0.01171875,0.0,-0.02734375,-0.06640625,0.02734375,0.0546875,0.0,0.0,0.0,38.489976179
55,64.1171875,11.265625,45.0234375,-10.5078125,42.546875,-9.2265625,0.0,0.0,0.0,0.015625,0.0,0.0,-0.0703125,0.015625,0.0078125,0.0,0.0,0.0,38.589193115
56,64.125,11.2890625,45.0,-10.5859375,0.0,0.0,0.0,0.0,0.0,-0.01171875,0.0,-0.03125,-0.078125,0.0,0.0,0.0,0.0,0.0,38.685676777
57,64.125,11.28125,44.96875,-10.6953125,0.0,0.0,0.0,0.0,0.0,-0.0078125,0.0,-0.05859375,-0.08203125,0.0,0.0,0.0,0.0,0.0,38.783095533
58,64.125,11.296875,44.9375,-10.7578125,0.0,0.0,0.0,0.0,0.0,0.0078125,0.00390625,-0.05078125,-0.09765625,0.0,0.0,0.0,0.0,0.0,38.879961233
59,64.1171875,11.28125,44.9765625,-10.71875,0.0,0.0,0.0,0.0,0.0,0.0078125,0.0,-0.015625,-0.046875,0.0,0.0,0.0,0.0,0.0,38.978800131
60,64.1015625,11.2578125,44.9375,-10.8515625,0.0,0.0,0.0,0.0,0.0,0.01171875,-0.00390625,-0.0625,-0.0703125,0.0,0.0,0.0,0.0,0.0,39.077161982
61,64.1015625,11.2734375,44.9140625,-10.90625,0.0,0.0,0.0,0.0,0.0,0.0078125,0.0,-0.0390625,-0.09375,0.0,0.0,0.0,0.0,0.0,39.17690497
62,64.0703125,11.265625,44.890625,-10.9921875,0.0,0.0,0.0,0.0,0.0,0.00390625,0.0,-0.0234375,-0.12109375,0.0,0.0,0.0,0.0,0.0,39.27224251800001
63,64.09375,11.2734375,44.8828125,-10.9609375,0.0,0.0,0.0,0.0,0.0,0.0,0.0,0.0,-0.09375,0.0,0.0,0.0,0.0,0.0,39.368042112
64,64.09375,11.2890625,44.8671875,-10.9609375,0.0,0.0,0.0,0.0,0.0,-0.00390625,0.00390625,-0.03125,-0.0234375,0.0,0.0,0.0,0.0,0.0,39.465775528
65,64.1015625,11.2578125,44.859375,-10.9921875,0.0,0.0,0.0,0.0,0.0,0.0078125,-0.00390625,0.01953125,-0.05859375,0.0,0.0,0.0,0.0,0.0,39.56269101500001
66,64.09375,11.25,44.859375,-10.921875,0.0,0.0,0.0,0.0,0.0,0.0078125,-0.00390625,0.0078125,0.00390625,0.0,0.0,0.0,0.0,0.0,39.659786524
67,64.0859375,11.2578125,44.84375,-10.921875,0.0,0.0,0.0,0.0,0.0,0.0234375,0.0,0.0,0.00390625,0.0,0.0,0.0,0.0,0.0,39.75720407
68,64.0859375,11.2578125,44.8203125,-10.96875,0.0,0.0,0.0,0.0,0.0,-0.01171875,0.0,-0.02734375,0.0,0.0,0.0,0.0,0.0,0.0,39.854470599
69,64.09375,11.25,44.8046875,-11.015625,0.0,0.0,0.0,0.0,0.0,0.0078125,0.0,-0.0078125,-0.03515625,0.0,0.0,0.0,0.0,0.0,39.94922883
70,64.09375,11.265625,44.8125,-10.8515625,0.0,0.0,0.0,0.0,0.0,0.00390625,0.00390625,0.01953125,0.01953125,0.0,0.0,0.0,0.0,0.0,40.046571368
71,64.1015625,11.2578125,44.78125,-10.7109375,0.0,0.0,0.0,0.0,0.0,0.00390625,0.0,0.01953125,0.04296875,0.0,0.0,0.0,0.0,0.0,40.143702881
72,64.078125,11.2421875,44.765625,-10.71875,0.0,0.0,0.0,0.0,0.0,-0.00390625,0.0,0.0078125,0.03125,0.0,0.0,0.0,0.0,0.0,40.24026832600001
73,64.0546875,11.25,44.7578125,-10.7421875,0.0,0.0,0.0,0.0,0.0,-0.00390625,0.0,0.0390625,-0.00390625,0.0,0.0,0.0,0.0,0.0,40.33761086400001
74,64.03125,11.25,44.7421875,-10.7890625,0.0,0.0,0.0,0.0,0.0,-0.0078125,0.00390625,0.0546875,-0.03515625,0.0,0.0,0.0,0.0,0.0,40.43427430600001
75,64.015625,11.25,44.7578125,-10.53125,0.0,0.0,0.0,0.0,0.0,-0.01953125,0.00390625,0.0546875,0.0625,0.0,0.0,0.0,0.0,0.0,40.529901112
76,64.015625,11.2421875,44.7578125,-10.453125,0.0,0.0,0.0,0.0,0.0,0.0234375,0.00390625,0.0,0.1015625,0.0,0.0,0.0,0.0,0.0,40.627621154
77,64.0234375,11.2578125,44.765625,-10.3828125,0.0,0.0,0.0,0.0,0.0,0.0078125,0.00390625,0.015625,0.08203125,0.0,0.0,0.0,0.0,0.0,40.72474813
78,64.03125,11.25,44.8125,-10.09375,0.0,0.0,0.0,0.0,0.0,-0.0078125,0.0,0.05859375,0.1484375,0.0,0.0,0.0,0.0,0.0,40.82077098000001
79,64.0,11.234375,44.8203125,-10.125,0.0,0.0,0.0,0.0,0.0,-0.01171875,0.0,0.04296875,0.08984375,0.0,0.0,0.0,0.0,0.0,40.917757939
80,64.0078125,11.234375,44.8125,-10.1171875,0.0,0.0,0.0,0.0,0.0,0.015625,0.0,0.05859375,0.05859375,0.0,0.0,0.0,0.0,0.0,41.014000815
81,64.0078125,11.2265625,44.7734375,-10.0625,0.0,0.0,0.0,0.0,0.0,0.0,-0.00390625,0.01953125,0.0546875,0.0,0.0,0.0,0.0,0.0,41.11128580800001
82,64.0234375,11.2578125,0.0,0.0,0.0,0.0,0.0,0.0,0.0,-0.0078125,0.0,0.0,0.0,0.0,0.0,0.0,0.0,0.0,41.208530797
83,64.0234375,11.2578125,65.0,-0.375,0.0,0.0,0.0,0.0,0.0,0.01171875,0.00390625,0.33984375,0.08984375,0.0,0.0,0.0,0.0,0.0,41.306054817
84,63.9921875,11.25,65.0234375,-0.3671875,0.0,0.0,0.0,0.0,0.0,0.0078125,0.00390625,0.34375,0.0703125,0.0,0.0,0.0,0.0,0.0,41.403169791
85,63.9921875,11.25,65.0703125,-0.359375,0.0,0.0,0.0,0.0,0.0,0.01171875,0.0,0.34375,0.0390625,0.0,0.0,0.0,0.0,0.0,41.500695014
86,63.9921875,11.25,65.1015625,-0.359375,0.0,0.0,0.0,0.0,0.0,0.015625,0.0,0.34765625,0.02734375,0.0,0.0,0.0,0.0,0.0,41.597600252
87,64.0078125,11.2578125,65.4296875,-0.3203125,0.0,0.0,0.0,0.0,0.0,-0.015625,0.0,0.3984375,0.02734375,0.0,0.0,0.0,0.0,0.0,41.69664373800001
88,64.0078125,11.2578125,65.4609375,-0.3203125,0.0,0.0,0.0,0.0,0.0,-0.01171875,0.0,0.3984375,0.01953125,0.0,0.0,0.0,0.0,0.0,41.79297791
89,64.0078125,11.265625,0.0,0.0,0.0,0.0,0.0,0.0,0.0,-0.0078125,0.0,0.0,0.0,0.0,0.0,0.0,0.0,0.0,41.89030719700001
90,64.0,11.265625,0.0,0.0,0.0,0.0,0.0,0.0,0.0,0.0234375,0.00390625,0.0,0.0,0.0,0.0,0.0,0.0,0.0,41.98650535300001
91,63.9765625,11.2421875,0.0,0.0,0.0,0.0,0.0,0.0,0.0,0.015625,0.0,0.0,0.0,0.0,0.0,0.0,0.0,0.0,42.083941652
92,64.0,11.25,80.4765625,-11.3515625,0.0,0.0,0.0,0.0,0.0,0.0078125,0.0,0.03125,0.01171875,0.0,0.0,0.0,0.0,0.0,42.181794
93,63.9765625,11.234375,80.484375,-11.40625,0.0,0.0,0.0,0.0,0.0,0.0,0.0,0.01953125,-0.00390625,0.0,0.0,0.0,0.0,0.0,42.279030276
94,63.96875,11.2421875,80.5078125,-11.2421875,0.0,0.0,0.0,0.0,0.0,-0.01171875,0.0,-0.0078125,0.03515625,0.0,0.0,0.0,0.0,0.0,42.3749504
95,63.9453125,11.2265625,80.1484375,-11.3984375,0.0,0.0,0.0,0.0,0.0,-0.01953125,-0.00390625,0.01171875,-0.03515625,0.0,0.0,0.0,0.0,0.0,42.472264594
96,63.9453125,11.21875,80.203125,-11.46875,0.0,0.0,0.0,0.0,0.0,-0.0234375,-0.00390625,0.05859375,-0.046875,0.0,0.0,0.0,0.0,0.0,42.569163684
97,63.96875,11.2265625,80.2265625,-11.609375,0.0,0.0,0.0,0.0,0.0,-0.01953125,-0.00390625,-0.02734375,-0.03515625,0.0,0.0,0.0,0.0,0.0,42.664256792
98,63.9765625,11.2421875,80.0078125,-11.6015625,0.0,0.0,0.0,0.0,0.0,0.0,0.00390625,-0.01953125,-0.0546875,0.0,0.0,0.0,0.0,0.0,42.760375889
99,63.9921875,11.2421875,80.03125,-11.6796875,0.0,0.0,0.0,0.0,0.0,0.0234375,0.00390625,-0.0234375,-0.05078125,0.0,0.0,0.0,0.0,0.0,42.855660995
100,64.0,11.2578125,79.859375,-11.7578125,0.0,0.0,0.0,0.0,0.0,0.0078125,0.00390625,0.01953125,-0.08984375,0.0,0.0,0.0,0.0,0.0,42.951374096
101,64.0,11.25,79.9140625,-11.7734375,0.0,0.0,0.0,0.0,0.0,0.00390625,0.0,0.01953125,-0.05078125,0.0,0.0,0.0,0.0,0.0,43.04798918900001
102,63.9765625,11.2421875,79.9765625,-11.734375,0.0,0.0,0.0,0.0,0.0,-0.00390625,0.0,0.0,0.0,0.0,0.0,0.0,0.0,0.0,43.144148286
103,63.9765625,11.234375,79.8046875,-11.734375,0.0,0.0,0.0,0.0,0.0,-0.0078125,0.0,0.01171875,-0.02734375,0.0,0.0,0.0,0.0,0.0,43.239939387
104,63.9765625,11.2265625,79.8671875,-11.75,0.0,0.0,0.0,0.0,0.0,-0.0078125,0.0,-0.00390625,0.00390625,0.0,0.0,0.0,0.0,0.0,43.33654648
105,63.9765625,11.2265625,79.921875,-11.7421875,0.0,0.0,0.0,0.0,0.0,0.0,0.0,0.05078125,0.0,0.0,0.0,0.0,0.0,0.0,43.433669765
106,63.96875,11.234375,79.9609375,-11.8125,0.0,0.0,0.0,0.0,0.0,0.03515625,0.00390625,0.05859375,-0.00390625,0.0,0.0,0.0,0.0,0.0,43.530728997
107,63.9375,11.234375,79.7578125,-11.8046875,0.0,0.0,0.0,0.0,0.0,0.03125,0.00390625,-0.03125,-0.01953125,0.0,0.0,0.0,0.0,0.0,43.628251268
108,63.96875,11.25,79.59375,-11.8203125,0.0,0.0,0.0,0.0,0.0,0.0,0.00390625,0.0078125,-0.05078125,0.0,0.0,0.0,0.0,0.0,43.724964471
109,63.96875,11.234375,79.671875,-11.875,0.0,0.0,0.0,0.0,0.0,0.0078125,0.0,-0.0078125,-0.01171875,0.0,0.0,0.0,0.0,0.0,43.82206470600001
110,63.984375,11.234375,79.75,-11.9609375,0.0,0.0,0.0,0.0,0.0,0.0078125,0.0,0.03125,-0.0234375,0.0,0.0,0.0,0.0,0.0,43.919527972
111,64.0,11.234375,79.8203125,-11.9453125,0.0,0.0,0.0,0.0,0.0,0.00390625,0.0,0.0,0.01953125,0.0,0.0,0.0,0.0,0.0,44.017508282
112,64.0,11.2421875,79.671875,-11.875,0.0,0.0,0.0,0.0,0.0,-0.0078125,0.0,-0.0546875,0.015625,0.0,0.0,0.0,0.0,0.0,44.11489154100001
113,63.96875,11.2265625,79.7421875,-11.96875,0.0,0.0,0.0,0.0,0.0,-0.015625,0.0,-0.02734375,-0.0078125,0.0,0.0,0.0,0.0,0.0,44.213360893
114,63.9609375,11.234375,79.8125,-11.9609375,0.0,0.0,0.0,0.0,0.0,-0.01953125,0.0,0.0,0.00390625,0.0,0.0,0.0,0.0,0.0,44.310002089
115,63.9609375,11.234375,79.8828125,-11.9921875,0.0,0.0,0.0,0.0,0.0,-0.0234375,0.0,0.03515625,-0.00390625,0.0,0.0,0.0,0.0,0.0,44.406758295
116,63.96875,11.234375,79.9296875,-11.9375,0.0,0.0,0.0,0.0,0.0,-0.0078125,0.00390625,0.03125,0.01953125,0.0,0.0,0.0,0.0,0.0,44.50369618600001
117,63.9765625,11.2421875,79.7734375,-11.859375,0.0,0.0,0.0,0.0,0.0,0.00390625,0.0,-0.0390625,0.01953125,0.0,0.0,0.0,0.0,0.0,44.60215108200001
118,63.9921875,11.2578125,79.8671875,-11.84375,0.0,0.0,0.0,0.0,0.0,0.01171875,0.00390625,0.0859375,0.0078125,0.0,0.0,0.0,0.0,0.0,44.699581895
119,63.9921875,11.25,79.9296875,-11.84375,0.0,0.0,0.0,0.0,0.0,-0.015625,0.0,0.01171875,0.046875,0.0,0.0,0.0,0.0,0.0,44.796393659
120,64.0,11.25,79.8828125,-11.65625,0.0,0.0,0.0,0.0,0.0,0.0,0.0,-0.01171875,0.07421875,0.0,0.0,0.0,0.0,0.0,44.89329643
121,64.0,11.25,79.6953125,-11.6796875,0.0,0.0,0.0,0.0,0.0,0.0078125,0.0,-0.04296875,0.0078125,0.0,0.0,0.0,0.0,0.0,44.990376215
122,64.0,11.2421875,79.5703125,-11.609375,0.0,0.0,0.0,0.0,0.0,0.00390625,0.0,0.04296875,-0.01953125,0.0,0.0,0.0,0.0,0.0,45.085315829
123,63.96875,11.2421875,79.546875,-11.625,0.0,0.0,0.0,0.0,0.0,-0.0078125,0.0,0.05859375,-0.01953125,0.0,0.0,0.0,0.0,0.0,45.1822276
124,63.984375,11.25,79.65625,-11.6328125,0.0,0.0,0.0,0.0,0.0,-0.00390625,0.0,-0.02734375,0.0234375,0.0,0.0,0.0,0.0,0.0,45.279283384
125,63.984375,11.2578125,79.71875,-11.6875,0.0,0.0,0.0,0.0,0.0,-0.01171875,0.0,-0.03125,0.015625,0.0,0.0,0.0,0.0,0.0,45.377286243
126,64.0,11.2578125,79.8046875,-11.7265625,0.0,0.0,0.0,0.0,0.0,0.015625,0.00390625,0.015625,0.00390625,0.0,0.0,0.0,0.0,0.0,45.47557392100001
127,64.0,11.265625,79.84375,-11.859375,0.0,0.0,0.0,0.0,0.0,0.0078125,0.0,0.0078125,-0.01953125,0.0,0.0,0.0,0.0,0.0,45.573794344
128,64.0078125,11.265625,79.90625,-11.84375,0.0,0.0,0.0,0.0,0.0,-0.015625,0.0,0.0234375,-0.00390625,0.0,0.0,0.0,0.0,0.0,45.671415721
129,63.9765625,11.2421875,79.9609375,-11.7890625,0.0,0.0,0.0,0.0,0.0,-0.0234375,-0.00390625,-0.015625,0.02734375,0.0,0.0,0.0,0.0,0.0,45.768894088
130,64.015625,11.25,80.0,-11.796875,0.0,0.0,0.0,0.0,0.0,0.01953125,0.0,-0.0078125,0.015625,0.0,0.0,0.0,0.0,0.0,45.866651475
131,64.015625,11.2421875,79.828125,-11.7265625,0.0,0.0,0.0,0.0,0.0,-0.00390625,-0.00390625,-0.0078125,-0.0078125,0.0,0.0,0.0,0.0,0.0,45.96277374
132,64.0078125,11.234375,79.671875,-11.6953125,0.0,0.0,0.0,0.0,0.0,-0.0078125,-0.00390625,-0.04296875,-0.015625,0.0,0.0,0.0,0.0,0.0,46.059984086
133,64.015625,11.25,79.7265625,-11.765625,0.0,0.0,0.0,0.0,0.0,0.0,0.0,-0.02734375,-0.015625,0.0,0.0,0.0,0.0,0.0,46.15730044
134,63.984375,11.2421875,79.8125,-11.71875,0.0,0.0,0.0,0.0,0.0,-0.0078125,0.0,0.01953125,0.00390625,0.0,0.0,0.0,0.0,0.0,46.254272769
135,63.984375,11.25,79.8828125,-11.671875,0.0,0.0,0.0,0.0,0.0,-0.0078125,0.0,-0.03125,0.03515625,0.0,0.0,0.0,0.0,0.0,46.351400109
136,64.0,11.2421875,79.9375,-11.6953125,0.0,0.0,0.0,0.0,0.0,-0.01171875,0.0,-0.01171875,0.015625,0.0,0.0,0.0,0.0,0.0,46.448574055
137,64.0,11.25,79.9921875,-11.7265625,0.0,0.0,0.0,0.0,0.0,-0.015625,0.0,0.01171875,0.01171875,0.0,0.0,0.0,0.0,0.0,46.54660815
138,64.0078125,11.2421875,80.0390625,-11.7109375,0.0,0.0,0.0,0.0,0.0,0.0,0.0,0.0078125,0.01953125,0.0,0.0,0.0,0.0,0.0,46.64405221400001
139,64.0,11.234375,80.0859375,-11.6328125,0.0,0.0,0.0,0.0,0.0,0.0078125,0.0,0.015625,0.03515625,0.0,0.0,0.0,0.0,0.0,46.740470225
140,64.015625,11.25,80.125,-11.65625,0.0,0.0,0.0,0.0,0.0,0.00390625,0.00390625,0.015625,0.01953125,0.0,0.0,0.0,0.0,0.0,46.837122248
141,64.03125,11.25,80.15625,-11.703125,0.0,0.0,0.0,0.0,0.0,0.03125,0.00390625,0.0390625,0.0,0.0,0.0,0.0,0.0,0.0,46.935002335
142,64.0390625,11.265625,80.1953125,-11.6875,0.0,0.0,0.0,0.0,0.0,0.0078125,0.00390625,0.03125,0.0078125,0.0,0.0,0.0,0.0,0.0,47.032010376
143,64.03125,11.2578125,80.2265625,-11.6796875,0.0,0.0,0.0,0.0,0.0,-0.01171875,0.0,0.0,0.015625,0.0,0.0,0.0,0.0,0.0,47.128853409
144,64.0234375,11.265625,80.25,-11.640625,0.0,0.0,0.0,0.0,0.0,0.0,0.0,-0.0234375,0.03125,0.0,0.0,0.0,0.0,0.0,47.223676337
145,64.03125,11.265625,80.265625,-11.625,0.0,0.0,0.0,0.0,0.0,0.00390625,0.0,-0.015625,0.015625,0.0,0.0,0.0,0.0,0.0,47.320286358
146,64.0,11.2421875,80.265625,-11.65625,0.0,0.0,0.0,0.0,0.0,-0.00390625,0.0,0.00390625,0.0,0.0,0.0,0.0,0.0,0.0,47.416290347
147,64.0703125,11.265625,80.296875,-11.5625,0.0,0.0,0.0,0.0,0.0,0.171875,0.01171875,-0.01171875,0.03125,0.0,0.0,0.0,0.0,0.0,47.513808132
148,64.0546875,11.2734375,80.3125,-11.578125,0.0,0.0,0.0,0.0,0.0,0.1796875,0.01171875,0.0078125,0.015625,0.0,0.0,0.0,0.0,0.0,47.608354019
149,64.078125,11.2734375,80.328125,-11.5390625,0.0,0.0,0.0,0.0,0.0,0.078125,0.0,-0.0078125,0.0234375,0.0,0.0,0.0,0.0,0.0,47.703604958
150,64.0703125,11.28125,80.3515625,-11.4765625,0.0,0.0,0.0,0.0,0.0,-0.01171875,-0.0078125,-0.00390625,0.03515625,0.0,0.0,0.0,0.0,0.0,47.79920592200001
151,64.078125,11.28125,80.359375,-11.484375,0.0,0.0,0.0,0.0,0.0,0.05859375,0.0,-0.0078125,0.01953125,0.0,0.0,0.0,0.0,0.0,47.897282066
152,64.0546875,11.28125,80.3828125,-11.3984375,0.0,0.0,0.0,0.0,0.0,-0.01171875,-0.00390625,0.0390625,0.02734375,0.0,0.0,0.0,0.0,0.0,47.99494418
153,64.046875,11.28125,80.390625,-11.4140625,0.0,0.0,0.0,0.0,0.0,-0.03125,-0.00390625,0.01171875,0.01953125,0.0,0.0,0.0,0.0,0.0,48.092528288
154,64.0078125,11.2578125,80.3984375,-11.3515625,0.0,0.0,0.0,0.0,0.0,-0.0390625,-0.00390625,0.03125,0.0234375,0.0,0.0,0.0,0.0,0.0,48.18837527
155,64.0234375,11.265625,80.3359375,-11.4453125,0.0,0.0,0.0,0.0,0.0,-0.08984375,-0.00390625,-0.140625,0.0390625,0.0,0.0,0.0,0.0,0.0,48.28566135600001
156,63.9765625,11.265625,80.296875,-11.4296875,0.0,0.0,0.0,0.0,0.0,-0.1015625,0.0,-0.08984375,0.01171875,0.0,0.0,0.0,0.0,0.0,48.382531413
157,63.9609375,11.28125,80.2890625,-11.46875,0.0,0.0,0.0,0.0,0.0,-0.1640625,0.0,-0.08984375,-0.00390625,0.0,0.0,0.0,0.0,0.0,48.48010307400001
158,63.9453125,11.2890625,80.234375,-11.453125,0.0,0.0,0.0,0.0,0.0,-0.1796875,0.0,-0.16015625,0.0078125,0.0,0.0,0.0,0.0,0.0,48.577907316
159,63.9375,11.28125,80.1953125,-11.359375,0.0,0.0,0.0,0.0,0.10546875,-0.203125,0.0,-0.21875,0.03125,0.0,0.0,0.0,0.0,0.0,48.675924576
160,63.921875,11.3046875,80.125,-11.3984375,0.0,0.0,0.0,0.0,0.1875,-0.27734375,0.0078125,-0.2890625,-0.03515625,0.0,0.0,0.0,0.0,0.0,48.773743819
161,63.8671875,11.28125,80.1484375,-11.359375,0.0,0.0,0.0,0.0,0.25,-0.328125,0.00390625,-0.30859375,-0.015625,0.0,0.0,0.0,0.0,0.0,48.870997014
162,63.8125,11.28125,80.0703125,-11.375,0.0,0.0,0.0,0.0,0.29296875,-0.40625,0.00390625,-0.375,-0.0234375,0.0,0.0,0.0,0.0,0.0,48.967693163
163,63.78125,11.296875,79.9296875,-11.3125,0.0,0.0,0.0,0.0,0.34375,-0.453125,0.00390625,-0.44921875,-0.01953125,0.0,0.0,0.0,0.0,0.0,49.06370225400001
164,63.7265625,11.296875,79.84375,-11.3828125,0.0,0.0,0.0,0.0,0.40234375,-0.5234375,0.00390625,-0.47265625,-0.046875,0.0,0.0,0.0,0.0,0.0,49.161144465
165,63.75,11.421875,79.7734375,-11.390625,0.0,0.0,0.0,0.0,0.47265625,-0.484375,0.01171875,-0.51171875,-0.04296875,0.0,0.0,0.0,0.0,0.0,49.258908703
166,63.6953125,11.3828125,79.65625,-11.5078125,0.0,0.0,0.0,0.0,0.56640625,-0.56640625,-0.00390625,-0.64453125,-0.046875,0.0,0.0,0.0,0.0,0.0,49.357318996
167,63.6484375,11.3828125,79.5859375,-11.5390625,0.0,0.0,0.0,0.0,0.6640625,-0.64453125,0.0,-0.67578125,-0.0546875,0.0,0.0,0.0,0.0,0.0,49.455867781
168,63.5546875,11.3984375,79.453125,-11.578125,0.0,0.0,0.0,0.0,0.75390625,-0.76953125,0.0,-0.765625,-0.0546875,0.0,0.0,0.0,0.0,0.0,49.555183024
169,63.46875,11.3828125,79.3203125,-11.578125,0.0,0.0,0.0,0.0,0.84375,-0.82421875,0.0,-0.83984375,-0.0546875,0.0,0.0,0.0,0.0,0.0,49.652535143
170,63.3828125,11.3984375,79.0234375,-11.515625,0.0,0.0,0.0,0.0,0.92578125,-0.9375,0.0,-0.921875,-0.0625,0.0,0.0,0.0,0.0,0.0,49.74985426000001
171,63.3046875,11.453125,78.8046875,-11.3984375,0.0,0.0,0.0,0.0,0.9921875,-0.98828125,0.09765625,-0.96875,0.0625,0.0,0.0,0.0,0.0,-0.0013427734375,49.847014367
172,63.140625,11.453125,78.5390625,-11.3046875,0.0,0.0,0.0,0.0,1.0703125,-1.10546875,0.08984375,-1.0546875,0.0859375,0.0,0.0,0.0,0.0,-0.0013427734375,49.942474367
173,63.046875,11.4453125,78.4140625,-11.2265625,0.0,0.0,0.0,0.0,1.17578125,-1.15234375,0.00390625,-1.1328125,0.0078125,0.0,0.0,0.0,0.0,0.0,50.03646027400001
174,62.921875,11.4296875,78.25,-11.2734375,0.0,0.0,0.0,0.0,1.31640625,-1.30078125,-0.17578125,-1.36328125,-0.19140625,0.0,0.0,0.0,0.0,0.00274658203125,50.132248295
175,62.8125,11.4609375,78.0078125,-11.25,0.0,0.0,0.0,0.0,1.43359375,-1.4453125,0.0,-1.4453125,0.0,0.0,0.0,0.0,0.0,0.0,50.22880436400001
176,62.7265625,11.421875,77.8984375,-11.3203125,104.1484375,-8.90625,0.0,0.0,1.57421875,-1.49609375,-0.17578125,-1.5859375,-0.234375,-1.5546875,-0.26953125,0.0,0.0,0.00274658203125,50.324911405
177,62.4765625,11.390625,77.671875,-11.3671875,103.9375,-9.109375,0.0,0.0,1.70703125,-1.671875,-0.171875,-1.7265625,-0.23046875,-1.73828125,-0.33203125,0.0,0.0,0.00274658203125,50.42124446
178,62.3671875,11.375,77.4609375,-11.3046875,103.828125,-9.2109375,0.0,0.0,1.828125,-1.75390625,-0.171875,-1.8359375,-0.20703125,-1.77734375,-0.34375,0.0,0.0,0.00274658203125,50.517436984
179,62.1796875,11.375,77.2109375,-11.328125,103.578125,-9.2265625,0.0,0.0,1.94140625,-1.86328125,-0.16796875,-1.9609375,-0.20703125,-1.9453125,-0.3125,0.0,0.0,0.00274658203125,50.61348867900001
180,62.015625,11.328125,77.078125,-11.3359375,103.4609375,-9.234375,0.0,0.0,2.0390625,-1.93359375,-0.171875,-2.0078125,-0.20703125,-2.015625,-0.30078125,0.0,0.0,0.00274658203125,50.708044255
181,61.7421875,11.296875,76.71875,-11.40625,103.1953125,-9.1953125,0.0,0.0,2.10546875,-2.0625,-0.16796875,-2.0859375,-0.25390625,-2.11328125,-0.28125,0.0,0.0,0.00274658203125,50.80327588500001
182,61.6171875,11.2890625,76.5546875,-11.4921875,103.0546875,-9.15625,0.0,0.0,2.18359375,-2.125,-0.2578125,-2.03515625,-0.39453125,-2.21484375,-0.41015625,0.0,0.0,0.004150390625,50.900606684
183,61.3125,11.234375,76.1875,-11.515625,102.75,-9.2421875,0.0,0.0,2.25390625,-2.234375,-0.2578125,-2.20703125,-0.33203125,-2.28515625,-0.42578125,0.0,0.0,0.004150390625,50.994950242
184,61.15625,11.2109375,75.953125,-11.6640625,102.6015625,-9.2890625,0.0,0.0,2.32421875,-2.28515625,-0.2578125,-2.33984375,-0.36328125,-2.33203125,-0.4296875,0.0,0.0,0.004150390625,51.089708835
185,60.9296875,11.171875,75.65625,-11.7890625,102.375,-9.3671875,0.0,0.0,2.390625,-2.3515625,-0.2578125,-2.43359375,-0.375,-2.40234375,-0.43359375,0.0,0.0,0.004150390625,51.184477427
186,60.671875,11.125,75.328125,-11.8515625,102.09375,-9.4296875,0.0,0.0,2.4765625,-2.41015625,-0.25390625,-2.5390625,-0.3671875,-2.546875,-0.41796875,0.0,0.0,0.004150390625,51.280505121
187,60.421875,11.09375,75.0546875,-11.9765625,101.890625,-9.46875,0.0,0.0,2.55859375,-2.484375,-0.25390625,-2.5703125,-0.3984375,-2.58984375,-0.41796875,0.0,0.0,0.004150390625,51.376861841
188,60.1640625,11.078125,74.7578125,-12.0,101.609375,-9.515625,0.0,0.0,2.65234375,-2.58203125,-0.1640625,-2.72265625,-0.234375,-2.58984375,-0.29296875,0.0,0.0,0.00274658203125,51.474335516
189,60.0078125,11.0703125,74.5546875,-11.9921875,101.4375,-9.5,0.0,0.0,2.765625,-2.65625,0.0,-2.7265625,-0.02734375,-2.68359375,0.00390625,0.0,0.0,0.0,51.573870178
190,59.6875,11.09375,74.171875,-11.9921875,100.8359375,-9.3984375,0.0,0.0,2.8828125,-2.8359375,0.0,-2.8359375,-0.0390625,-2.859375,0.00390625,0.0,0.0,0.0,51.674070892
191,59.4921875,11.0625,73.9375,-11.828125,100.4296875,-9.3515625,0.0,0.0,2.9921875,-2.88671875,-0.16796875,-2.953125,-0.18359375,-2.9609375,-0.27734375,0.0,0.0,0.00274658203125,51.771322378
192,59.109375,11.03125,73.53125,-11.7890625,99.8359375,-9.3125,0.0,0.0,3.05859375,-3.0625,-0.00390625,-3.05078125,0.02734375,-3.02734375,-0.01171875,0.0,0.0,0.0,51.86846385600001
193,58.9140625,11.0234375,73.3125,-11.84375,99.46875,-9.34375,0.0,0.0,3.15234375,-3.109375,-0.00390625,-3.1328125,0.01171875,-3.0859375,-0.01953125,0.0,0.0,0.0,51.96519930300001
194,58.515625,11.0078125,72.859375,-11.6640625,99.046875,-9.375,0.0,0.0,3.23828125,-3.2265625,-0.00390625,-3.2265625,0.05078125,-3.15234375,-0.01171875,0.0,0.0,0.0,52.062313778
195,58.375,11.0078125,72.6171875,-11.3984375,98.9140625,-9.4609375,0.0,0.0,3.30859375,-3.26171875,-0.00390625,-3.2734375,0.11328125,-3.28125,0.00390625,0.0,0.0,0.0,52.15755811
196,58.25,11.046875,72.140625,-11.25,98.3203125,-9.359375,0.0,0.0,3.37890625,-3.234375,-0.16015625,-3.421875,-0.08203125,-3.43359375,-0.25,0.0,0.0,0.00274658203125,52.25319347200001
197,58.4296875,11.1796875,71.8515625,-11.1328125,97.9140625,-9.3203125,0.0,0.0,3.43359375,-3.16015625,0.01171875,-3.38671875,0.09765625,-3.41015625,0.0078125,0.0,0.0,0.0,52.349968922
198,58.4140625,11.2578125,71.4375,-11.2109375,97.3671875,-9.3515625,0.0,0.0,3.47265625,-3.07421875,0.01953125,-3.4296875,0.03515625,-3.484375,-0.00390625,0.0,0.0,0.0,52.446361017
199,58.6328125,11.34375,71.1640625,-11.0625,0.0,0.0,0.0,0.0,3.5234375,-2.88671875,0.0234375,-3.484375,0.0703125,0.0,0.0,0.0,0.0,0.0,52.542905316
200,58.7578125,11.421875,70.859375,-10.9453125,0.0,0.0,0.0,0.0,3.56640625,-2.72265625,0.02734375,-3.51171875,0.07421875,0.0,0.0,0.0,0.0,0.0,52.63953061900001
201,58.78125,11.5390625,70.4296875,-10.84375,0.0,0.0,0.0,0.0,3.60546875,-2.57421875,0.03125,-3.57421875,0.078125,0.0,0.0,0.0,0.0,0.0,52.73634993300001
202,58.84375,11.6171875,69.9921875,-10.7734375,0.0,0.0,0.0,0.0,3.625,-2.42578125,0.03125,-3.63671875,0.046875,0.0,0.0,0.0,0.0,0.0,52.832087188
203,58.7578125,11.6875,69.7109375,-10.7265625,0.0,0.0,0.0,0.0,3.6484375,-2.3125,0.03515625,-3.59765625,0.0625,0.0,0.0,0.0,0.0,0.0,52.92697439600001
204,58.75,11.7265625,69.359375,-10.6953125,0.0,0.0,0.0,0.0,3.6640625,-2.23046875,0.03515625,-3.65625,0.03515625,0.0,0.0,0.0,0.0,0.0,53.02234663
205,58.5859375,11.7734375,68.890625,-10.8203125,95.421875,-9.4140625,0.0,0.0,3.6875,-2.14453125,0.02734375,-3.65234375,-0.01171875,-3.6328125,0.08203125,0.0,0.0,0.0,53.120961043
206,58.5546875,11.8203125,68.640625,-10.953125,95.1796875,-9.4140625,0.0,0.0,3.7109375,-2.078125,0.03125,-3.68359375,-0.0390625,-3.640625,0.0625,0.0,0.0,0.0,53.22084652500001
207,58.359375,11.875,68.1484375,-11.109375,0.0,0.0,0.0,0.0,3.73828125,-2.01953125,0.02734375,-3.703125,-0.05859375,0.0,0.0,0.0,0.0,0.0,53.317565834
208,58.28125,11.9140625,67.90625,-11.21875,0.0,0.0,0.0,0.0,3.78125,-2.0,0.02734375,-3.75,-0.06640625,0.0,0.0,0.0,0.0,0.0,53.411921013
209,58.0625,11.9296875,67.34375,-11.046875,76.1484375,11.3046875,0.0,0.0,3.8203125,-1.94140625,-0.21875,-3.87109375,-0.265625,-3.7734375,-0.26953125,0.0,0.0,0.004150390625,53.50771477000001
210,57.9296875,11.9765625,67.0390625,-10.9765625,75.828125,11.2890625,0.0,0.0,3.8671875,-1.9609375,-0.20703125,-3.83984375,-0.26953125,-3.82421875,-0.27734375,0.0,0.0,0.004150390625,53.600496251
211,57.765625,12.0,66.7265625,-10.8359375,75.4765625,11.28125,0.0,0.0,3.9140625,-1.99609375,-0.125,-3.890625,-0.12890625,-3.8671875,-0.16796875,0.0,0.0,0.00274658203125,53.696020865
212,57.5234375,12.015625,66.28125,-10.8046875,75.0078125,11.265625,0.0,0.0,3.953125,-2.01953125,-0.125,-3.94140625,-0.12890625,-3.90625,-0.17578125,0.0,0.0,0.00274658203125,53.788974354
213,57.3125,12.0625,65.9609375,-10.8828125,74.6484375,11.2578125,0.0,0.0,3.96484375,-2.046875,-0.1171875,-3.98828125,-0.1484375,-3.91796875,-0.171875,0.0,0.0,0.00274658203125,53.879107707
214,55.5234375,11.9609375,65.5,-10.875,74.2109375,11.2578125,68.3984375,11.8203125,3.9765625,-3.515625,-0.03125,-3.88671875,-0.01171875,-3.953125,0.01953125,-4.01171875,0.359375,0.0,53.977281449
215,54.8984375,11.734375,65.21875,-11.1875,73.8984375,11.34375,68.15625,11.78125,3.98828125,-3.453125,-0.26953125,-4.0078125,-0.3515625,-3.93359375,-0.24609375,-3.953125,-0.01953125,0.004150390625,54.074888163
216,54.5,11.71875,64.6953125,-11.3515625,73.25,11.359375,67.7109375,11.78125,4.0,-3.44921875,-0.02734375,-3.984375,-0.078125,-4.0,0.06640625,-3.97265625,0.12890625,0.0,54.17462798
217,54.3125,11.7109375,64.3984375,-11.734375,72.8984375,11.2734375,67.4609375,11.7890625,4.03125,-3.390625,-0.171875,-4.0546875,-0.34375,-3.984375,-0.171875,-3.98046875,-0.08203125,0.00274658203125,54.272858724
218,53.890625,11.7109375,63.8515625,-11.640625,72.3515625,11.234375,66.9453125,11.8125,4.05859375,-3.37109375,-0.16015625,-4.07421875,-0.24609375,-4.0390625,-0.19921875,-4.00390625,-0.1171875,0.00274658203125,54.37240953200001
219,53.703125,11.71875,63.578125,-11.734375,72.046875,11.1953125,66.6953125,11.7890625,4.08203125,-3.3515625,-0.15625,-4.109375,-0.24609375,-4.0,-0.1875,-4.0625,-0.140625,0.00274658203125,54.471339779
220,53.3125,11.75,62.9765625,-11.9296875,71.4609375,11.1953125,66.171875,11.796875,4.08984375,-3.31640625,-0.140625,-4.14453125,-0.2890625,-4.0703125,-0.1953125,-4.0546875,-0.15234375,0.00274658203125,54.57019020000001
221,53.140625,11.78125,62.6953125,-11.7734375,71.1484375,11.2421875,65.921875,11.7734375,4.10546875,-3.31640625,0.01171875,-4.10546875,-0.0390625,-4.1015625,0.03125,-4.1171875,0.015625,0.0,54.667589497
222,52.7734375,11.828125,62.09375,-11.9453125,70.5625,11.2109375,65.3828125,11.765625,4.125,-3.2734375,0.01171875,-4.1171875,-0.1015625,-4.13671875,0.0078125,-4.08984375,0.0078125,0.0,54.767164979
223,52.625,11.8515625,61.7890625,-11.96875,70.2578125,11.2265625,65.125,11.75,4.1328125,-3.2109375,-0.125,-4.16015625,-0.25390625,-4.09375,-0.16796875,-4.078125,-0.17578125,0.00274658203125,54.864912306
224,52.25,11.9140625,61.2265625,-11.8984375,69.6796875,11.21875,64.5703125,11.734375,4.140625,-3.1875,0.01953125,-4.1640625,-0.00390625,-4.1484375,0.015625,-4.16015625,0.0,0.0,54.962696636
225,52.0703125,11.9453125,60.9140625,-11.953125,69.3828125,11.21875,64.3125,11.765625,4.15234375,-3.16015625,0.0234375,-4.24609375,-0.00390625,-4.171875,0.0078125,-4.14453125,0.00390625,0.0,55.059933919
226,51.6796875,12.0,60.3203125,-11.9765625,68.796875,11.2265625,63.7890625,11.828125,4.1640625,-3.12890625,0.02734375,-4.1953125,-0.0625,-4.1640625,0.02734375,-4.16796875,0.01171875,0.0,55.15755023400001
227,51.4765625,12.0390625,60.0078125,-12.0546875,68.515625,11.1953125,63.5390625,11.90625,4.17578125,-3.125,0.03515625,-4.2109375,-0.078125,-4.16796875,0.00390625,-4.19140625,0.01953125,0.0,55.25329039
228,51.046875,12.0859375,59.4453125,-11.921875,67.984375,11.1640625,62.984375,11.9375,4.18359375,-3.109375,0.03515625,-4.17578125,-0.015625,-4.1640625,-0.01953125,-4.18359375,0.015625,0.0,55.347762438
229,50.828125,12.1015625,59.1171875,-12.1171875,67.7265625,11.171875,62.703125,11.9140625,4.19140625,-3.11328125,0.03515625,-4.1953125,-0.0859375,-4.1953125,-0.0234375,-4.1875,0.0078125,0.0,55.44176046600001
230,50.484375,12.1328125,58.6875,-12.03125,67.3203125,11.1328125,62.2578125,11.8828125,4.203125,-3.1171875,0.03515625,-4.2109375,-0.01953125,-4.1875,-0.03515625,-4.203125,0.0,0.0,55.537165794
231,50.1640625,12.1640625,58.28125,-11.9140625,66.9609375,11.078125,61.8671875,11.9609375,4.21875,-3.1328125,0.0390625,-4.21484375,0.02734375,-4.19921875,-0.05859375,-4.1953125,0.01171875,0.0,55.632807142
232,49.8046875,12.1953125,57.828125,-11.9140625,66.5625,11.0234375,61.4453125,11.9140625,4.23046875,-3.16015625,0.04296875,-4.2421875,0.015625,-4.19140625,-0.06640625,-4.203125,0.00390625,0.0,55.732245822
233,49.4453125,12.21875,57.390625,-11.9296875,66.125,11.03125,61.0234375,11.9296875,4.234375,-3.171875,0.0390625,-4.27734375,0.0234375,-4.22265625,-0.04296875,-4.2578125,0.0,0.0,55.827606146
234,49.1875,12.234375,57.078125,-12.0390625,65.8203125,11.0703125,60.734375,11.9375,4.2421875,-3.16796875,-0.09765625,-4.234375,-0.20703125,-4.2109375,-0.19140625,-4.1875,-0.16015625,0.00274658203125,55.924560608
235,48.71875,12.2578125,56.515625,-12.0859375,65.21875,11.15625,60.1328125,12.3828125,4.25390625,-3.22265625,0.0390625,-4.1875,-0.05078125,-4.26171875,0.05078125,-4.25390625,0.0625,0.0,56.026071469
236,48.453125,12.3125,56.203125,-12.2265625,64.9375,11.15625,59.7734375,12.8359375,4.2578125,-3.25390625,0.04296875,-4.26171875,-0.05859375,-4.26171875,0.0390625,-4.26171875,0.109375,0.0,56.124690077
237,47.9765625,12.34375,55.6484375,-12.296875,64.34375,11.1796875,59.1953125,13.015625,4.265625,-3.2578125,0.03515625,-4.23828125,-0.05859375,-4.28515625,0.03125,-4.29296875,0.08203125,0.0,56.217259158
238,47.71875,12.3828125,55.3203125,-12.1953125,64.0390625,11.171875,58.8828125,13.1328125,4.26953125,-3.2734375,0.03515625,-4.265625,-0.0234375,-4.27734375,0.03125,-4.30078125,0.078125,0.0,56.30844211700001
239,47.234375,12.421875,54.71875,-12.296875,63.453125,11.1953125,58.296875,13.234375,4.26953125,-3.2734375,0.03515625,-4.28125,-0.0390625,-4.27734375,0.03125,-4.2890625,0.05859375,0.0,56.401745261
240,46.9375,12.4921875,54.4140625,-12.3515625,63.1640625,11.1640625,57.9921875,13.296875,4.26953125,-3.30859375,0.046875,-4.27734375,-0.046875,-4.28125,0.0078125,-4.2890625,0.0546875,0.0,56.494736121
241,46.5234375,12.5234375,53.9453125,-12.25,62.7265625,11.2109375,57.546875,13.3359375,4.265625,-3.3359375,0.05078125,-4.26171875,-0.0234375,-4.27734375,0.02734375,-4.25,0.046875,0.0,56.588685429
242,46.140625,12.5703125,53.515625,-12.1015625,62.296875,11.2265625,57.171875,13.3671875,4.26171875,-3.359375,0.0546875,-4.25390625,0.0234375,-4.26171875,0.03515625,-4.25,0.03515625,0.0,56.68156263100001
243,45.7265625,12.609375,53.0625,-12.0234375,61.8671875,11.1875,56.765625,13.3984375,4.2578125,-3.390625,0.0546875,-4.24609375,0.0234375,-4.265625,0.00390625,-4.29296875,0.01953125,0.0,56.776647051
244,45.328125,12.625,52.59375,-12.015625,61.4375,11.1796875,56.34375,13.4140625,4.2578125,-3.40625,0.046875,-4.29296875,0.03515625,-4.265625,-0.0078125,-4.3203125,0.0078125,0.0,56.87228652700001
245,45.03125,12.671875,52.2890625,-12.0234375,61.1484375,11.203125,56.0546875,13.4296875,4.25,-3.46484375,0.12109375,-4.23828125,0.0703125,-4.26953125,0.08984375,-4.30078125,0.0859375,-0.0013427734375,56.967046915
246,44.6640625,12.71875,51.921875,-11.9765625,60.78125,11.25,55.78125,13.4453125,4.24609375,-3.51171875,0.125,-4.1796875,0.05859375,-4.265625,0.10546875,-4.265625,0.0859375,-0.0013427734375,57.060783202
247,44.1953125,12.765625,51.421875,-12.171875,60.2734375,11.3203125,55.296875,13.4765625,4.23828125,-3.5546875,0.234375,-4.17578125,0.17578125,-4.296875,0.296875,-4.3203125,0.234375,-0.004150390625,57.156878722
248,43.84375,12.7890625,51.015625,-12.5859375,59.921875,11.3515625,54.9453125,13.4921875,4.23828125,-3.5390625,0.05078125,-4.2578125,-0.1328125,-4.2421875,0.046875,-4.25390625,0.0078125,0.0,57.252828229
249,43.3515625,12.828125,50.2890625,-12.6796875,59.421875,11.3671875,54.46875,13.546875,4.23828125,-3.6015625,0.11328125,-4.2578125,-0.140625,-4.265625,0.1015625,-4.2890625,0.08203125,-0.0013427734375,57.350671922
250,43.015625,12.8671875,49.9609375,-12.7109375,59.09375,11.359375,54.234375,13.5546875,4.23046875,-3.6328125,0.0625,-4.26171875,-0.15625,-4.24609375,0.01171875,-4.24609375,0.0078125,0.0,57.445244272
251,42.5,12.921875,49.4140625,-12.90625,58.5703125,11.40625,53.703125,13.5859375,4.234375,-3.69140625,0.0703125,-4.2890625,-0.12890625,-4.25,0.02734375,-4.28515625,0.0078125,0.0,57.543171833
252,42.1640625,12.953125,49.0859375,-13.0625,58.2578125,11.40625,53.4765625,13.6015625,4.23046875,-3.76171875,0.08203125,-4.28515625,-0.16015625,-4.23828125,0.0234375,-4.2578125,0.0078125,0.0,57.637803072
253,41.609375,12.984375,48.5703125,-13.015625,57.7265625,11.4140625,52.9453125,13.6328125,4.234375,-3.8671875,0.0859375,-4.2734375,-0.046875,-4.23046875,0.01953125,-4.2734375,0.0078125,0.0,57.730735144
254,41.296875,13.0078125,48.2734375,-12.984375,57.4453125,11.4453125,52.640625,13.6640625,4.23828125,-3.94921875,0.0859375,-4.27734375,-0.0234375,-4.24609375,0.02734375,-4.28125,0.0078125,0.0,57.82338419000001
255,40.953125,13.0078125,47.9921875,-13.0703125,57.1640625,11.4609375,52.359375,13.6875,4.23046875,-4.06640625,0.0859375,-4.26171875,-0.06640625,-4.24609375,0.02734375,-4.2890625,0.0078125,0.0,57.916261257
256,40.3515625,13.0546875,47.4296875,-13.1328125,56.609375,11.4453125,51.8046875,13.703125,4.23046875,-4.1875,0.125,-4.2265625,0.0,-4.23828125,0.08984375,-4.2734375,0.0859375,-0.0013427734375,58.01101850800001
257,40.0625,13.0625,47.1640625,-13.15625,56.3203125,11.421875,51.5078125,13.7265625,4.234375,-4.25,0.07421875,-4.22265625,-0.0546875,-4.24609375,-0.01171875,-4.25390625,0.015625,0.0,58.102312421
258,39.4609375,13.1171875,46.6015625,-13.25,55.7578125,11.453125,50.9453125,13.75,4.23828125,-4.3828125,0.0703125,-4.22265625,-0.06640625,-4.24609375,0.01171875,-4.2421875,0.015625,0.0,58.19583355100001
259,39.09375,13.1328125,46.265625,-13.25,55.40625,11.46875,50.5703125,13.78125,4.2421875,-4.4921875,0.0703125,-4.25390625,-0.01171875,-4.25390625,0.015625,-4.25390625,0.015625,0.0,58.287573508
260,38.6953125,13.15625,45.90625,-13.328125,55.046875,11.4921875,50.1953125,13.796875,4.24609375,-4.61328125,0.0703125,-4.2578125,-0.0390625,-4.24609375,0.02734375,-4.2578125,0.01171875,0.0,58.381617689
261,38.1875,13.1796875,45.2890625,-13.0859375,54.578125,11.59375,49.703125,13.8125,4.25390625,-4.64453125,0.046875,-4.265625,0.0,-4.25390625,0.06640625,-4.25,0.01171875,0.0,58.476984706
262,37.953125,13.1796875,44.875,-13.09375,54.3515625,11.640625,49.4453125,13.8203125,4.25390625,-4.64453125,0.03515625,-4.26953125,-0.11328125,-4.2578125,0.07421875,-4.25,0.01171875,0.0,58.57379853
263,37.34375,13.203125,44.25,-13.25,53.8359375,11.578125,48.875,13.8125,4.2578125,-4.65234375,-0.078125,-4.328125,-0.26171875,-4.21484375,-0.16015625,-4.21484375,-0.12890625,0.00274658203125,58.66781509800001
264,37.0546875,13.1953125,43.9453125,-13.1796875,53.578125,11.5234375,48.6171875,13.828125,4.26171875,-4.671875,-0.08203125,-4.34765625,-0.1640625,-4.22265625,-0.1875,-4.22265625,-0.1328125,0.00274658203125,58.760857579
265,36.46875,13.21875,43.21875,-13.0859375,53.0234375,11.4921875,48.0390625,13.7890625,4.26171875,-4.68359375,-0.1328125,-4.3515625,-0.26953125,-4.2109375,-0.2421875,-4.20703125,-0.19921875,0.004150390625,58.858813506
266,36.2421875,13.234375,42.796875,-13.03125,52.6953125,11.6328125,47.78125,13.765625,4.26171875,-4.67578125,-0.078125,-4.31640625,-0.2578125,-4.26171875,-0.0859375,-4.265625,-0.14453125,0.00274658203125,58.955783344
267,35.6796875,13.25,42.078125,-13.1484375,52.1484375,11.5390625,47.2109375,13.7421875,4.2578125,-4.6640625,-0.12890625,-4.34375,-0.35546875,-4.22265625,-0.20703125,-4.203125,-0.1953125,0.004150390625,59.055229408
268,35.359375,13.25,41.640625,-12.9921875,51.7890625,11.4921875,46.84375,13.734375,4.25390625,-4.70703125,-0.20703125,-4.38671875,-0.3515625,-4.1875,-0.359375,-4.17578125,-0.32421875,0.0069580078125,59.155193519
269,34.8515625,13.2578125,41.0234375,-13.0703125,51.3046875,11.4609375,46.34375,13.703125,4.25390625,-4.8046875,-0.10546875,-4.3359375,-0.3125,-4.21484375,-0.2109375,-4.18359375,-0.1875,0.004150390625,59.255311644
270,34.6015625,13.28125,40.65625,-13.0625,51.03125,11.453125,46.046875,13.6796875,4.25,-4.8125,-0.1015625,-4.34765625,-0.30078125,-4.21484375,-0.2109375,-4.19140625,-0.1875,0.004150390625,59.354597693
271,34.0625,13.328125,40.0625,-13.140625,50.46875,11.3828125,45.4765625,13.625,4.25,-4.8125,-0.05859375,-4.2890625,-0.22265625,-4.22265625,-0.15625,-4.21484375,-0.125,0.00274658203125,59.45591683200001
272,33.78125,13.3515625,39.6875,-13.25,50.15625,11.3671875,45.1328125,13.6328125,4.24609375,-4.8515625,-0.046875,-4.28515625,-0.2578125,-4.22265625,-0.1484375,-4.203125,-0.1171875,0.00274658203125,59.555031378
273,33.25,13.421875,39.0390625,-13.4609375,49.6328125,11.359375,44.5859375,13.609375,4.23828125,-4.88671875,0.0390625,-4.3046875,-0.171875,-4.23828125,-0.0078125,-4.24609375,0.0,0.0,59.65547898600001
274,32.8984375,13.421875,38.703125,-13.5546875,49.328125,11.3515625,44.28125,13.5859375,4.2265625,-4.86328125,-0.0625,-4.3359375,-0.27734375,-4.203125,-0.140625,-4.19140625,-0.125,0.00274658203125,59.753276472
275,0.0,0.0,38.078125,-13.578125,48.796875,11.34375,43.75,13.5703125,4.21875,0.0,0.0,-4.31640625,-0.27734375,-4.1953125,-0.13671875,-4.1484375,-0.12109375,0.00274658203125,59.855492161
276,0.0,0.0,37.7890625,-13.5859375,48.546875,11.2109375,43.4296875,13.5625,4.21484375,0.0,0.0,-4.25,-0.171875,-4.19140625,-0.05078125,-4.24609375,-0.0078125,0.0,59.956010771
277,22.65625,9.5,37.0625,-13.6328125,48.046875,11.2734375,42.859375,13.515625,4.2109375,-3.87109375,-0.1796875,-4.26953125,-0.171875,-4.1640625,-0.03125,-4.2265625,-0.01171875,0.0,60.060238552
278,22.3359375,9.4921875,36.671875,-13.65625,47.6640625,11.2734375,42.4296875,13.5,4.2109375,-3.875,-0.19921875,-4.25390625,-0.171875,-4.1640625,-0.01953125,-4.23828125,-0.0078125,0.0,60.164281325
279,21.953125,9.5,36.0,-13.6640625,47.21875,11.265625,42.0390625,13.5234375,4.2109375,-3.875,-0.12890625,-4.3203125,-0.09765625,-4.1640625,-0.015625,-4.1953125,-0.00390625,0.0,60.269133135
280,21.375,9.453125,35.2421875,-13.5859375,46.7265625,11.28125,41.46875,13.5234375,4.203125,-3.875,0.02734375,-4.2734375,-0.0390625,-4.15234375,-0.02734375,-4.2109375,-0.00390625,0.0,60.373286912
281,21.1328125,9.4609375,34.9609375,-13.5859375,46.4921875,11.2734375,41.171875,13.53125,4.203125,-3.87890625,-0.05078125,-4.25,0.0078125,-4.21484375,-0.00390625,-4.20703125,0.05859375,-0.0013427734375,60.476329142
282,20.546875,9.4375,34.34375,-13.8828125,45.9296875,11.265625,40.59375,13.5546875,4.2109375,-3.875,-0.07421875,-4.44140625,-0.359375,-4.21875,-0.0390625,-4.1875,0.0078125,0.0,60.577861511
283,20.71875,9.609375,34.03125,-13.9609375,45.8359375,11.421875,40.328125,13.578125,4.21484375,-3.875,-0.04296875,-4.46484375,-0.46484375,-3.953125,0.14453125,-4.20703125,0.0078125,0.0,60.68190313700001
284,20.140625,9.5859375,33.421875,-14.015625,45.2890625,11.4453125,39.6875,13.5546875,4.21875,-3.875,-0.11328125,-4.41796875,-0.32421875,-3.96875,0.26953125,-4.3203125,0.1640625,-0.004150390625,60.78866604100001
285,19.640625,9.4921875,33.046875,-14.046875,44.96875,11.4609375,39.3046875,13.546875,4.21875,-3.875,-0.09375,-4.484375,-0.33203125,-3.91015625,0.05859375,-4.1953125,0.0078125,0.0,60.892582654
286,19.234375,9.484375,32.5546875,-14.078125,44.53125,11.4609375,38.8125,13.578125,4.2265625,-3.875,-0.12109375,-4.49609375,-0.21484375,-3.890625,0.0390625,-4.2421875,0.01171875,0.0,60.99932655600001
287,18.6484375,9.4296875,31.9609375,-14.1015625,44.0234375,11.46875,38.2421875,13.5703125,4.22265625,-3.8671875,-0.1171875,-4.50390625,-0.125,-3.86328125,0.0234375,-4.25390625,0.00390625,0.0,61.102805125
288,18.4296875,9.4375,31.6640625,-14.109375,43.875,11.6953125,37.8984375,13.515625,4.21875,-3.875,-0.17578125,-4.5078125,-0.09765625,-4.05859375,-0.12890625,-4.19140625,0.01171875,0.0,61.20458752
289,17.9375,9.4296875,0.0,0.0,43.4765625,11.9140625,37.2890625,13.484375,4.21875,-3.84765625,-0.16796875,0.0,0.0,-4.15234375,-0.328125,-4.1953125,-0.1015625,0.00274658203125,61.30554183
290,17.8125,9.5,23.4375,-12.2265625,43.375,11.84375,37.0859375,13.5390625,4.2265625,-3.875,-0.171875,-4.19921875,0.046875,-4.15234375,-0.23828125,-4.2421875,-0.00390625,0.0,61.40669016100001
291,17.4296875,9.5546875,23.015625,-12.0234375,42.9375,11.90625,36.5,13.515625,4.23046875,-3.875,-0.14453125,-4.14453125,0.08984375,-4.12890625,-0.296875,-4.21875,-0.1015625,0.00274658203125,61.509028334999996
292,17.0390625,9.5,22.7265625,-12.0234375,42.703125,11.921875,36.1328125,13.4921875,4.23046875,-3.875,-0.34375,-4.10546875,0.125,-4.1953125,-0.19140625,-4.26953125,-0.00390625,0.0,61.61455037100001
293,16.6171875,9.5,22.28125,-12.0546875,42.3515625,11.8828125,35.6875,13.515625,4.23828125,-3.875,-0.140625,-4.1640625,0.12109375,-4.1953125,-0.1875,-4.26953125,-0.00390625,0.0,61.717637199
294,16.3359375,9.5078125,21.6953125,-12.0234375,42.09375,11.8984375,35.359375,13.515625,4.2421875,-3.78125,-0.109375,-4.25,-0.0625,-4.19921875,-0.14453125,-4.2421875,0.00390625,0.0,61.81584961
295,15.90625,9.515625,19.96875,-13.5625,41.6953125,11.8515625,34.7734375,13.6796875,4.24609375,-3.77734375,-0.1640625,-4.33203125,-0.1953125,-4.17578125,-0.25,-4.25390625,-0.0625,0.00274658203125,61.9161572
296,15.734375,9.59375,19.796875,-13.8125,41.4453125,11.8203125,34.3515625,13.78125,4.24609375,-3.78125,-0.015625,-4.3046875,-0.17578125,-4.21484375,-0.140625,-4.3046875,0.0390625,0.0,62.014691638
297,15.296875,9.6328125,19.3359375,-14.015625,40.984375,11.8125,33.9453125,13.875,4.2421875,-3.78125,-0.0390625,-4.33203125,-0.16796875,-4.21875,-0.09375,-4.26171875,0.0390625,0.0,62.111928965
298,15.140625,9.71875,19.0234375,-14.0234375,40.7421875,11.84375,33.59375,13.8515625,4.2421875,-3.6875,0.046875,-4.3359375,-0.125,-4.25390625,-0.10546875,-4.27734375,0.02734375,0.0,62.209072284
299,14.6796875,9.734375,18.4765625,-14.0390625,40.28125,11.875,33.0078125,13.8359375,4.2421875,-3.6875,0.09765625,-4.33203125,-0.078125,-4.25,-0.046875,-4.30078125,0.015625,0.0,62.30897784
300,14.4375,9.75,18.1796875,-14.046875,40.0234375,11.9765625,32.6640625,13.8203125,4.25,-3.6875,0.0546875,-4.3359375,-0.05859375,-4.26171875,0.01171875,-4.31640625,0.01171875,0.0,62.40663820300001
301,13.8671875,9.7109375,17.6171875,-14.046875,39.4453125,11.984375,32.109375,13.8203125,4.25390625,-3.78125,0.03515625,-4.34765625,-0.03515625,-4.29296875,0.0546875,-4.328125,0.0078125,0.0,62.505843373
302,13.640625,9.8203125,17.2109375,-14.0546875,39.1015625,11.875,31.7109375,13.8359375,4.2578125,-3.6875,0.09765625,-4.3515625,-0.0234375,-4.2890625,-0.03515625,-4.3359375,0.0078125,0.0,62.601569854
303,13.2578125,9.859375,16.7578125,-14.0546875,38.6796875,11.796875,31.265625,13.8359375,4.25,-3.6875,0.18359375,-4.3515625,-0.015625,-4.26171875,-0.03125,-4.33203125,0.00390625,0.0,62.699130459
304,12.8359375,9.796875,111.671875,-7.7890625,38.3515625,11.7421875,30.8359375,13.8046875,4.2578125,-3.78125,0.0390625,-4.234375,0.171875,-4.22265625,-0.046875,-4.33984375,0.0,0.0,62.795021951
305,12.2421875,9.6484375,111.2265625,-7.9609375,37.8984375,11.703125,30.375,13.7890625,4.265625,-3.875,-0.1953125,-4.21484375,0.09375,-4.25,-0.05859375,-4.34765625,-0.00390625,0.0,62.895826775
306,11.9375,9.640625,0.0,0.0,37.53125,11.671875,30.0,13.796875,4.26953125,-3.875,-0.484375,0.0,0.0,-4.2265625,-0.15234375,-4.3203125,-0.08203125,0.00274658203125,62.99402142300001
307,11.4296875,9.546875,0.0,0.0,37.1328125,11.640625,29.515625,13.7890625,4.2734375,-3.87890625,-0.359375,0.0,0.0,-4.2265625,-0.17578125,-4.328125,-0.08203125,0.00274658203125,63.09499625900001
308,11.0390625,9.421875,0.0,0.0,36.796875,11.59375,29.609375,13.40625,4.27734375,-4.0,-0.80078125,0.0,0.0,-4.19140625,-0.33984375,-4.328125,-0.23046875,0.0069580078125,63.195485062
309,10.609375,9.328125,0.0,0.0,36.3203125,11.5546875,29.015625,13.3671875,4.28125,-4.00390625,-1.1640625,0.0,0.0,-4.19921875,-0.2890625,-4.34375,-0.21875,0.0069580078125,63.29628988700001
310,10.3359375,9.25,0.0,0.0,35.9765625,11.4921875,28.6171875,13.328125,4.29296875,-3.875,-1.41796875,0.0,0.0,-4.21875,-0.3046875,-4.359375,-0.2109375,0.0069580078125,63.395617612
311,10.9375,10.3125,0.0,0.0,35.484375,11.4375,28.140625,13.3125,4.296875,-3.87890625,-0.796875,0.0,0.0,-4.20703125,-0.31640625,-4.2734375,-0.2265625,0.00836181640625,63.49843539800001
312,10.25,9.796875,0.0,0.0,35.046875,11.421875,27.65625,13.2421875,4.30078125,-5.06640625,-1.5859375,0.0,0.0,-4.17578125,-0.4296875,-4.2265625,-0.34765625,0.01251220703125,63.597079296
313,10.171875,9.984375,105.671875,-8.3984375,34.6484375,11.421875,27.265625,13.203125,4.3046875,-3.96875,-1.703125,-4.46875,-1.80078125,-4.13671875,-0.52734375,-4.16796875,-0.45703125,0.0167236328125,63.69801137700001
314,9.671875,9.703125,104.9375,-9.0078125,34.1171875,11.3203125,26.7421875,13.125,4.3125,-3.546875,-1.296875,-4.4921875,-2.60546875,-4.06640625,-0.78125,-4.05859375,-0.63671875,0.023681640625,63.79955650700001
315,9.7890625,9.7890625,104.53125,-9.34375,33.84375,11.2421875,26.4765625,13.0625,4.3203125,-3.0234375,-1.171875,-4.54296875,-2.76171875,-4.0546875,-0.83203125,-4.02734375,-0.66796875,0.02508544921875,63.90095362500001
316,9.40625,9.65625,103.9921875,-9.8203125,33.3515625,11.0703125,25.9609375,12.9296875,4.32421875,-2.77734375,-0.87890625,-4.67578125,-3.6953125,-3.94921875,-1.19140625,-3.89453125,-0.91015625,0.03485107421875,64.00138166500001
317,9.203125,9.59375,103.671875,-10.140625,33.0390625,11.03125,25.6640625,12.8046875,4.32421875,-2.6484375,-0.76953125,-4.73828125,-4.10546875,-3.93359375,-1.28515625,-3.88671875,-1.0390625,0.0390625,64.103072807
318,8.890625,9.5078125,103.1171875,-10.6640625,32.71875,10.6953125,25.234375,12.6640625,4.32421875,-2.41796875,-0.6796875,-4.83203125,-4.9140625,-3.7734375,-1.7265625,-3.78515625,-1.23046875,0.04742431640625,64.20325082800001
319,8.9375,9.8828125,102.765625,-11.265625,32.453125,10.5703125,24.9140625,12.5234375,4.32421875,-2.37890625,-0.6796875,-4.93359375,-5.51171875,-3.73046875,-1.8515625,-3.7265625,-1.3515625,0.05303955078125,64.30220575
320,8.6484375,9.7890625,102.125,-12.171875,31.96875,10.2890625,24.515625,12.375,4.3125,-2.09765625,-0.7265625,-5.1875,-7.02734375,-3.6015625,-2.27734375,-3.51171875,-1.6875,0.068359375,64.39971455700001
321,8.5078125,9.734375,101.7890625,-12.703125,31.734375,10.140625,24.2421875,12.203125,4.32421875,-1.9453125,-0.765625,-5.30078125,-7.86328125,-3.515625,-2.48046875,-3.41796875,-1.87890625,0.0767822265625,64.498322966
322,8.234375,10.0234375,101.0625,-13.9140625,31.4140625,9.6171875,23.828125,11.9140625,4.328125,-2.14453125,-0.984375,-5.7265625,-9.91015625,-3.31640625,-3.28125,-3.1875,-2.33984375,0.09771728515625,64.59431639200001
323,8.0859375,9.953125,100.6640625,-14.7734375,31.28125,9.3203125,23.609375,11.7890625,4.32421875,-2.06640625,-0.9921875,-5.8984375,-10.6171875,-3.26171875,-3.54296875,-3.125,-2.4765625,0.10467529296875,64.68590043
324,8.1015625,10.046875,100.0078125,-16.046875,31.0546875,8.7578125,23.2734375,11.53125,4.3203125,-1.75390625,-1.10546875,-6.2578125,-12.0703125,-3.15234375,-4.0390625,-2.96875,-2.79296875,0.12005615234375,64.77601133900001
325,7.9453125,9.9375,99.4609375,-17.1640625,30.7578125,8.4609375,23.8671875,11.53125,4.3203125,-1.609375,-1.1640625,-6.59375,-13.23828125,-3.13671875,-4.27734375,-2.94140625,-3.078125,0.13262939453125,64.866217257
326,7.8359375,9.859375,99.0234375,-18.1171875,30.5390625,8.1953125,23.390625,11.328125,4.31640625,-1.54296875,-1.1796875,-6.86328125,-13.72265625,-3.15625,-4.36328125,-2.91796875,-3.19140625,0.13818359375,64.951762766
327,7.6328125,9.6796875,98.0234375,-20.2421875,30.09375,7.6171875,23.0,10.921875,4.3046875,-1.33203125,-1.28125,-7.44921875,-15.4765625,-3.109375,-4.75,-2.765625,-3.56640625,0.1563720703125,65.03047967500001
328,7.65625,9.78125,0.0,0.0,29.859375,7.3359375,22.8046875,10.7578125,4.30859375,-1.30078125,-1.33203125,0.0,0.0,-3.14453125,-4.796875,-2.76953125,-3.62890625,0.1605224609375,65.09991877
329,7.5625,9.6875,0.0,0.0,29.6484375,7.0234375,22.6171875,10.53125,4.30078125,-1.28515625,-1.3203125,0.0,0.0,-3.1875,-4.796875,-2.7890625,-3.6328125,0.16192626953125,65.167814729
330,7.7265625,9.6484375,0.0,0.0,29.40625,6.75,22.359375,10.234375,4.30078125,-0.98046875,-1.45703125,0.0,0.0,-3.1484375,-5.03515625,-2.58203125,-3.8359375,0.173095703125,65.23505563100001
331,7.65625,9.5390625,0.0,0.0,29.171875,6.34375,21.9765625,9.8515625,4.30078125,-0.92578125,-1.48046875,0.0,0.0,-3.17578125,-5.1875,-2.58203125,-3.93359375,0.1787109375,65.299601296
332,7.6875,9.4609375,0.0,0.0,28.9296875,6.046875,21.84375,9.609375,4.2890625,-0.85546875,-1.57421875,0.0,0.0,-3.1953125,-5.31640625,-2.5546875,-4.05859375,0.1856689453125,65.363682921
333,7.625,9.3515625,0.0,0.0,28.703125,5.6640625,21.6875,9.34375,4.2890625,-0.80859375,-1.58203125,0.0,0.0,-3.24609375,-5.421875,-2.55078125,-4.1171875,0.18988037109375,65.423807198
334,7.5703125,9.2421875,0.0,0.0,28.4765625,5.265625,21.53125,9.0625,4.2890625,-0.75390625,-1.61328125,0.0,0.0,-3.23828125,-5.5859375,-2.5390625,-4.23828125,0.19683837890625,65.483314924
335,7.625,9.171875,0.0,0.0,28.2421875,4.859375,21.8046875,8.6328125,4.2890625,-0.7109375,-1.734375,0.0,0.0,-3.29296875,-5.8359375,-2.6015625,-4.4375,0.20660400390625,65.544652715
336,7.578125,9.046875,0.0,0.0,28.0,4.4453125,21.3125,8.296875,4.28125,-0.62890625,-1.796875,0.0,0.0,-3.3046875,-6.10546875,-2.546875,-4.640625,0.2177734375,65.60462739900001
337,7.4765625,8.90625,0.0,0.0,27.765625,4.0,21.0625,7.953125,4.265625,-0.7734375,-1.9375,0.0,0.0,-3.34375,-6.41796875,-2.50390625,-4.86328125,0.2303466796875,65.675917967
338,7.4140625,8.734375,0.0,0.0,27.5390625,3.5625,20.9140625,7.6015625,4.25390625,-0.9921875,-2.09765625,0.0,0.0,-3.41015625,-6.59765625,-2.46875,-4.99609375,0.23870849609375,65.73687272800001
339,7.296875,8.53125,0.0,0.0,27.3046875,3.1328125,20.6796875,7.25,4.24609375,-1.703125,-2.5703125,0.0,0.0,-3.46484375,-6.7578125,-2.4765625,-5.125,0.24713134765625,65.797085431
340,7.1796875,8.3515625,0.0,0.0,27.0625,2.6328125,20.5234375,6.90625,4.2421875,-1.73828125,-2.47265625,0.0,0.0,-3.54296875,-7.1015625,-2.453125,-5.3671875,0.26104736328125,65.86160147000001
341,7.0546875,8.1875,0.0,0.0,26.8125,2.1171875,20.3671875,6.546875,4.234375,-1.84765625,-2.33984375,0.0,0.0,-3.671875,-7.203125,-2.50390625,-5.4375,0.26666259765625,65.929107743
342,7.1484375,7.9921875,0.0,0.0,26.5625,1.6171875,20.203125,6.1875,4.22265625,-1.6796875,-2.24609375,0.0,0.0,-3.78515625,-7.25,-2.55859375,-5.4765625,0.2708740234375,65.998540166
343,7.03125,7.8359375,0.0,0.0,26.3046875,1.1484375,20.7890625,5.0078125,4.2109375,-1.64453125,-2.19921875,0.0,0.0,-3.8984375,-7.34375,-2.83203125,-5.62109375,0.27783203125,66.060403998
344,7.109375,7.640625,0.0,0.0,26.0546875,0.6484375,20.1015625,4.8359375,4.20703125,-1.3515625,-2.1328125,0.0,0.0,-4.015625,-7.38671875,-2.828125,-5.65625,0.28204345703125,66.130573479
345,7.2265625,7.421875,0.0,0.0,25.796875,0.1875,19.796875,4.578125,4.203125,-1.22265625,-2.18359375,0.0,0.0,-4.140625,-7.31640625,-2.91015625,-5.609375,0.28338623046875,66.195849577
346,7.1796875,7.2734375,0.0,0.0,25.515625,-0.3046875,19.53125,4.3984375,4.19921875,-1.2890625,-2.203125,0.0,0.0,-4.2734375,-7.24609375,-2.98828125,-5.5,0.28338623046875,66.26002859
347,7.09375,7.1328125,0.0,0.0,25.296875,-0.9296875,19.3359375,4.046875,4.19140625,-1.265625,-2.1875,0.0,0.0,-4.4140625,-7.3671875,-3.0625,-5.53125,0.28759765625,66.327987898
348,7.03125,6.953125,0.0,0.0,24.984375,-1.3828125,19.3359375,3.6953125,4.19140625,-1.2109375,-2.203125,0.0,0.0,-4.59765625,-7.40234375,-3.0859375,-5.4921875,0.2945556640625,66.38922768100001
349,6.953125,6.8125,0.0,0.0,24.6796875,-1.8671875,19.0625,3.3828125,4.1875,-1.22265625,-2.17578125,0.0,0.0,-4.74609375,-7.3359375,-3.16015625,-5.4609375,0.29595947265625,66.463579691
350,6.890625,6.6328125,117.7421875,11.90625,24.34375,-2.3125,18.8671875,3.046875,4.1796875,-1.16015625,-2.19921875,-0.546875,-35.76171875,-4.88671875,-7.37890625,-3.18359375,-5.578125,0.302978515625,66.53159844300001
351,6.84375,6.4296875,117.25,9.4140625,24.0234375,-2.765625,18.6171875,2.7734375,4.17578125,-1.11328125,-2.203125,-1.296875,-35.91796875,-5.0390625,-7.32421875,-3.30859375,-5.5703125,0.30572509765625,66.59798105600001
352,6.8046875,6.234375,117.1484375,6.90625,23.6640625,-3.2578125,18.453125,2.421875,4.17578125,-1.07421875,-2.19921875,-2.05859375,-36.0234375,-5.1640625,-7.28125,-3.4296875,-5.5546875,0.30712890625,66.672936394
353,6.7578125,6.0546875,116.890625,4.390625,23.3203125,-3.734375,18.1640625,2.046875,4.17578125,-1.04296875,-2.203125,-2.796875,-36.28515625,-5.33203125,-7.2265625,-3.51171875,-5.546875,0.3099365234375,66.743540364
354,6.7109375,5.8828125,116.5234375,1.9375,23.0234375,-4.0859375,17.96875,1.671875,4.16796875,-1.0,-2.21875,-3.53515625,-36.6875,-5.51953125,-7.078125,-3.625,-5.6015625,0.31414794921875,66.814696381
355,6.6796875,5.6953125,116.2109375,-0.484375,22.6953125,-4.484375,17.703125,1.3125,4.16015625,-0.9453125,-2.21875,-4.3125,-36.75,-5.58984375,-7.02734375,-3.75,-5.57421875,0.3155517578125,66.889625717
356,6.5,5.3046875,115.90625,-2.359375,22.3671875,-4.8671875,17.4375,0.9375,4.14453125,-1.75390625,-2.41796875,-4.921875,-36.89453125,-5.6875,-6.96875,-3.84765625,-5.5546875,0.31829833984375,66.96871640500001
357,6.390625,4.9921875,115.46875,-4.7109375,21.96875,-5.375,17.15625,0.5703125,4.125,-1.90625,-2.47265625,-5.67578125,-37.40625,-5.83984375,-7.078125,-3.8984375,-5.56640625,0.32391357421875,67.04848115
358,6.4140625,4.59375,114.9140625,-8.25,21.4453125,-5.984375,16.796875,0.046875,4.11328125,-1.4609375,-3.125,-6.8359375,-38.0234375,-6.06640625,-6.9765625,-4.09765625,-5.5625,0.33087158203125,67.12952600300001
359,6.3203125,4.4453125,114.6015625,-9.71875,21.203125,-6.3125,16.640625,-0.1796875,4.09375,-1.41796875,-2.99609375,-7.39453125,-38.39453125,-6.19140625,-7.0859375,-4.171875,-5.54296875,0.3350830078125,67.214776212
360,6.0703125,3.9609375,113.484375,-14.78125,20.4140625,-7.25,16.109375,-0.9296875,4.0703125,-1.6015625,-3.1796875,-9.1953125,-38.94921875,-6.51953125,-6.921875,-4.38671875,-5.48828125,0.34344482421875,67.301398537
361,5.9296875,3.671875,112.765625,-17.3984375,20.0625,-7.546875,15.8046875,-1.2890625,4.0546875,-1.56640625,-3.4140625,-10.16796875,-39.21484375,-6.5859375,-6.7734375,-4.54296875,-5.55859375,0.34765625,67.385439643
362,5.703125,3.3046875,0.0,0.0,19.40625,-8.2109375,15.34375,-1.8359375,4.0390625,-1.76953125,-3.15625,0.0,0.0,-6.8671875,-6.7734375,-4.77734375,-5.5859375,0.35601806640625,67.466480191
363,5.6640625,3.171875,87.5234375,4.6953125,19.046875,-8.640625,15.0859375,-2.1484375,4.015625,-1.86328125,-3.28125,-2.37109375,-31.60546875,-7.0390625,-6.765625,-4.84765625,-5.5390625,0.3602294921875,67.54835838800001
364,5.4453125,2.78125,87.125,1.28125,18.2421875,-9.390625,14.546875,-2.75,3.99609375,-2.015625,-3.3359375,-3.51953125,-32.52734375,-7.40625,-6.7421875,-5.07421875,-5.44921875,0.37274169921875,67.63168869500001
365,5.2890625,2.5390625,86.5859375,-1.140625,17.703125,-9.8828125,14.171875,-3.2421875,3.96484375,-2.12890625,-3.34375,-4.44140625,-33.65625,-7.75,-6.828125,-5.28515625,-5.45703125,0.38671875,67.715963074
366,5.21875,2.3515625,86.3046875,-3.3515625,17.25,-10.2421875,13.78125,-3.796875,3.91796875,-2.30078125,-3.3125,-5.2578125,-33.625,-7.8359375,-6.59765625,-5.46875,-5.35546875,0.38812255859375,67.802726641
367,4.921875,1.9375,85.46875,-7.84375,16.1796875,-11.109375,13.046875,-4.4140625,3.875,-2.59765625,-3.53125,-7.08203125,-34.67578125,-8.30078125,-6.5,-5.73828125,-5.21484375,0.4049072265625,67.88781708100001
368,4.75,1.734375,85.0,-10.2265625,15.6015625,-11.546875,12.609375,-4.71875,3.83203125,-2.7421875,-3.234375,-8.015625,-34.4453125,-8.453125,-6.28125,-5.7890625,-5.04296875,0.4049072265625,67.973038531
369,4.5625,1.5390625,84.375,-12.3046875,15.0703125,-11.9375,12.2421875,-4.984375,3.78125,-2.81640625,-2.93359375,-8.703125,-33.375,-8.46875,-5.92578125,-5.80859375,-4.6640625,0.3951416015625,68.067123652
370,4.375,1.234375,83.140625,-16.5625,13.953125,-12.671875,11.4140625,-5.4609375,3.69140625,-2.78515625,-2.71484375,-10.07421875,-31.97265625,-8.546875,-5.34375,-5.82421875,-4.25390625,0.38397216796875,68.161154769
371,4.2734375,1.0390625,82.359375,-18.859375,13.3828125,-13.0234375,11.0078125,-5.7265625,3.359375,-2.7109375,-3.140625,-10.7890625,-31.42578125,-8.53515625,-5.07421875,-5.71875,-4.12109375,0.3797607421875,68.26263945000001
372,4.1484375,0.7109375,77.7734375,-13.7578125,0.0,0.0,10.3671875,-6.1328125,2.52734375,-2.10546875,-2.3984375,-6.51953125,-22.70703125,0.0,0.0,-4.546875,-3.12109375,0.28759765625,68.35723261000001
373,4.078125,0.6484375,77.4296875,-15.1640625,65.2109375,-6.7109375,10.1875,-6.2109375,1.46484375,-0.94921875,-2.0390625,-5.2578125,-17.45703125,-20.84765625,-12.125,-3.375,-2.24609375,0.22198486328125,68.459883843
374,4.3984375,0.4765625,76.8828125,-17.171875,62.5859375,-7.6875,9.9375,-6.3515625,0.2265625,0.34375,-2.203125,-3.12109375,-13.8046875,-19.21484375,-8.59375,-1.53125,-1.44140625,0.17730712890625,68.55080700100001
375,4.4140625,0.390625,76.71875,-17.9609375,61.2734375,-8.921875,9.9375,-6.3984375,-0.2265625,0.83203125,-1.921875,-1.74609375,-9.9921875,-18.5234375,-5.3515625,-0.73828125,-0.9453125,0.12841796875,68.64612940900001
376,4.3984375,0.265625,76.5625,-18.234375,39.640625,-3.3046875,9.9609375,-6.609375,-0.140625,1.0234375,-1.57421875,1.36328125,3.6640625,0.63671875,1.90625,0.74609375,0.640625,-0.044677734375,68.73816063000001
377,4.515625,0.2265625,76.734375,-17.90625,39.4140625,-3.0078125,9.984375,-6.6171875,0.25390625,0.30859375,-1.93359375,0.375,1.08203125,0.12890625,0.62890625,0.3125,0.18359375,-0.02789306640625,68.82872076700001
378,4.484375,-0.109375,76.703125,-18.0625,39.3359375,-2.9375,9.890625,-6.6796875,0.3515625,0.140625,-2.3359375,-1.2578125,-5.09375,-0.359375,-2.4765625,-0.5078125,-0.62109375,0.05584716796875,68.915953716
379,4.75,-0.2734375,76.734375,-18.078125,39.2265625,-2.9921875,9.9140625,-6.5078125,0.1796875,0.984375,-1.7421875,0.94921875,4.0625,0.16015625,2.08203125,0.3515625,0.4765625,-0.05718994140625,69.003834701
380,4.5546875,-0.421875,76.890625,-17.5078125,39.125,-2.84375,9.96875,-6.3828125,0.05859375,0.87890625,-1.89453125,1.08984375,3.9140625,0.24609375,1.94921875,0.53515625,0.42578125,-0.05303955078125,69.09559890700001
381,4.65625,-0.4765625,76.8984375,-17.4140625,39.03125,-2.984375,10.1015625,-6.390625,0.0,0.65625,-1.9453125,-0.6015625,-3.4921875,-0.05078125,-1.90234375,-0.0703125,-0.40234375,0.044677734375,69.185507008
382,4.9765625,-0.7109375,76.8671875,-17.546875,38.9296875,-3.2265625,10.1015625,-6.296875,0.015625,0.8125,-1.625,0.15625,0.8984375,-0.07421875,0.28125,0.234375,0.234375,-0.009765625,69.26952777400001
383,5.015625,-0.8125,76.9296875,-17.359375,38.9453125,-3.0234375,10.078125,-6.171875,0.0,0.84765625,-1.7109375,0.8359375,3.63671875,0.1484375,1.76953125,0.453125,0.57421875,-0.0460205078125,69.349544314
384,4.859375,-0.921875,77.0,-17.1484375,38.890625,-2.90625,10.1171875,-6.203125,0.0,0.52734375,-1.75,0.19921875,0.38671875,0.07421875,0.15234375,0.1875,0.1171875,-0.004150390625,69.431563967
385,4.765625,-0.984375,77.0078125,-17.1953125,0.0,0.0,10.0234375,-6.15625,0.0,0.56640625,-1.55859375,-0.6640625,-3.23046875,0.0,0.0,-0.234375,-0.29296875,0.04327392578125,69.513002587
386,4.7109375,-1.0703125,77.015625,-17.1640625,0.0,0.0,10.0078125,-6.1015625,0.0,0.64453125,-1.3125,0.60546875,2.6015625,0.0,0.0,0.28515625,0.3671875,-0.0321044921875,69.591457037
387,4.6015625,-1.1171875,77.0625,-16.9453125,0.0,0.0,9.953125,-6.0625,0.0,0.51171875,-1.609375,0.16015625,0.44140625,0.0,0.0,0.12109375,0.0625,-0.004150390625,69.671664588
388,4.5,-1.1640625,77.03125,-16.9296875,0.0,0.0,9.9296875,-6.0703125,0.0,0.58984375,-1.68359375,-0.38671875,-1.80078125,0.0,0.0,-0.12890625,-0.19140625,0.02508544921875,69.753007202
389,4.5234375,-1.1875,77.0390625,-16.96875,0.0,0.0,9.8671875,-6.0234375,0.0,0.52734375,-1.39453125,-0.234375,-1.0390625,0.0,0.0,-0.08203125,-0.1015625,0.01531982421875,69.83423181
390,4.546875,-1.3046875,77.0390625,-16.8125,0.0,0.0,9.84375,-5.9921875,0.0,0.484375,-1.5,0.37109375,1.73828125,0.0,0.0,0.16015625,0.21484375,-0.02093505859375,69.915210404
391,4.609375,-1.4296875,77.0546875,-16.8203125,77.8515625,-20.0546875,9.8515625,-6.015625,0.0,0.46484375,-1.5078125,-0.22265625,-1.1171875,-0.25390625,-1.12890625,-0.10546875,-0.12890625,0.01531982421875,69.993660964
392,4.609375,-1.4921875,77.0546875,-16.890625,77.921875,-20.03125,9.8125,-5.984375,0.0,0.5078125,-1.3515625,-0.21484375,-0.89453125,-0.2421875,-0.9296875,-0.10546875,-0.09765625,0.01251220703125,70.075683267
393,4.6015625,-1.515625,77.0390625,-16.7890625,77.9140625,-20.140625,9.796875,-5.9609375,0.0,0.57421875,-1.140625,0.234375,1.0390625,0.2578125,1.0,0.0859375,0.1015625,-0.01251220703125,70.16085634400001
394,4.53125,-1.53125,77.0625,-16.734375,77.96875,-20.0703125,9.7734375,-5.96875,0.0,0.5078125,-1.14453125,0.18359375,0.6875,0.16015625,0.6875,0.07421875,0.046875,-0.00836181640625,70.246607721
395,4.6796875,-1.7109375,77.0625,-16.828125,0.0,0.0,9.7734375,-6.0234375,0.0,0.6328125,-1.2265625,-0.09375,-0.515625,0.0,0.0,-0.078125,-0.08203125,0.0069580078125,70.32876399700001
396,4.78125,-1.8359375,77.0390625,-16.734375,0.0,0.0,9.7890625,-6.015625,0.0,0.6953125,-1.21484375,0.140625,0.6953125,0.0,0.0,-0.17578125,0.20703125,-0.00836181640625,70.408938629
397,4.859375,-1.9296875,77.0546875,-16.75,0.0,0.0,9.7578125,-6.0078125,0.0,0.7109375,-1.25390625,0.078125,0.453125,0.0,0.0,-0.234375,0.1640625,-0.00555419921875,70.497080065
398,4.96875,-2.1015625,77.0703125,-16.75,0.0,0.0,9.734375,-6.046875,0.0,0.71875,-1.22265625,-0.1328125,-0.50390625,0.0,0.0,-0.3828125,0.02734375,0.0069580078125,70.585696669
399,5.0546875,-2.21875,77.0546875,-16.609375,0.0,0.0,9.7578125,-6.0859375,0.0,0.7265625,-1.1640625,0.0625,0.39453125,0.0,0.0,-0.24609375,0.05078125,-0.004150390625,70.679166073
400,5.125,-2.359375,77.046875,-16.484375,0.0,0.0,9.484375,-6.4296875,0.0,0.546875,-1.17578125,-0.078125,-0.23828125,0.0,0.0,-0.3203125,-0.1484375,0.004150390625,70.769098422
401,5.1484375,-2.4453125,77.0546875,-16.515625,0.0,0.0,9.5,-6.46875,0.0,0.8125,-1.44921875,-0.03515625,-0.15625,0.0,0.0,-0.29296875,-0.125,0.00274658203125,70.857055172
402,5.2109375,-2.546875,77.0390625,-16.4296875,0.0,0.0,9.5546875,-6.5703125,0.0,0.70703125,-1.23828125,0.02734375,0.1796875,0.0,0.0,-0.203125,-0.11328125,-0.0013427734375,70.943356343
403,5.3359375,-2.7734375,77.046875,-16.515625,0.0,0.0,9.5546875,-6.6875,0.0,0.83984375,-1.70703125,-0.05078125,-0.3203125,0.0,0.0,-0.21875,-0.15234375,0.004150390625,71.032022485
404,5.4296875,-2.875,77.03125,-16.4453125,0.0,0.0,9.5859375,-6.7265625,0.0,0.97265625,-1.6484375,0.015625,0.02734375,0.0,0.0,-0.15234375,-0.109375,0.0,71.118223588
405,5.421875,-2.96875,77.0078125,-16.4375,0.0,0.0,9.578125,-6.734375,0.0,1.00390625,-1.60546875,0.078125,0.3359375,0.0,0.0,-0.12890625,-0.046875,-0.004150390625,71.207791333
406,5.546875,-3.109375,77.0078125,-16.34375,0.0,0.0,9.5546875,-6.765625,0.0,0.83203125,-1.296875,-0.03515625,-0.2890625,0.0,0.0,-0.19140625,-0.09375,0.004150390625,71.293759604
407,5.5625,-3.15625,77.015625,-16.453125,0.0,0.0,9.546875,-6.78125,0.0,0.796875,-1.3203125,-0.04296875,-0.2109375,0.0,0.0,-0.1875,-0.0703125,0.00274658203125,71.380833577
408,5.5859375,-3.234375,77.0,-16.328125,0.0,0.0,9.5390625,-6.796875,0.0,0.78515625,-1.296875,0.0390625,0.14453125,0.0,0.0,-0.1640625,-0.0234375,-0.0013427734375,71.467807838
409,5.6484375,-3.375,76.984375,-16.2109375,0.0,0.0,9.515625,-6.7578125,0.0,0.72265625,-1.2734375,0.0,-0.1640625,0.0,0.0,-0.1875,-0.0390625,0.00274658203125,71.55478492200001
410,5.53125,-3.3203125,76.9921875,-16.1171875,0.0,0.0,9.5,-6.765625,0.0,-0.15234375,-0.13671875,0.0078125,0.08984375,0.0,0.0,-0.171875,-0.01171875,0.0,71.64376039300001
411,5.4921875,-3.3515625,76.9921875,-16.0390625,0.0,0.0,9.765625,-6.59375,0.0,-0.2421875,-0.12890625,0.0703125,0.18359375,0.0,0.0,0.14453125,0.09765625,-0.0013427734375,71.73188343400001
412,5.46875,-3.390625,76.9921875,-16.015625,0.0,0.0,9.859375,-6.5234375,0.0,-0.25,-0.09765625,0.01953125,0.0703125,0.0,0.0,0.14453125,0.11328125,0.0,71.82110418
413,5.5625,-3.53125,76.9921875,-15.953125,0.0,0.0,9.8125,-6.328125,0.0,0.36328125,-0.453125,-0.01171875,0.08203125,0.0,0.0,0.14453125,0.1328125,0.0,71.91273545600001
414,5.65625,-3.6796875,78.25,-17.1953125,0.0,0.0,9.7109375,-6.2578125,0.0,0.8671875,-1.1640625,-0.00390625,-0.0078125,0.0,0.0,0.08203125,0.078125,0.0,72.003781691
415,5.78125,-3.84375,77.9609375,-17.265625,0.0,0.0,9.6171875,-6.203125,0.0,0.98046875,-0.9375,0.015625,-0.03515625,0.0,0.0,0.03125,0.0234375,0.0,72.094430861
416,5.8359375,-4.0,77.9375,-17.1796875,9.8125,-9.296875,9.4609375,-6.1171875,0.0,0.79296875,-1.07421875,0.00390625,-0.01171875,-1.125,-0.8671875,-0.046875,0.0078125,0.0,72.18723624
417,5.8515625,-4.0625,77.8125,-16.8359375,9.8203125,-8.953125,9.28125,-6.0,0.0,0.60546875,-0.94921875,0.0390625,0.125,0.06640625,-0.00390625,-0.2265625,0.0546875,-0.0013427734375,72.27917410900001
418,5.8828125,-4.140625,77.6953125,-16.6640625,0.0,0.0,9.171875,-5.9296875,0.0,0.6796875,-0.6015625,0.015625,0.02734375,0.0,0.0,-0.203125,-0.01953125,0.0,72.368180742
419,5.890625,-4.21875,77.6171875,-16.4453125,0.0,0.0,9.09375,-5.875,0.0,0.66015625,-0.453125,-0.01953125,0.06640625,0.0,0.0,-0.1640625,-0.05859375,0.0,72.457383569
420,5.890625,-4.25,77.6171875,-16.3671875,0.0,0.0,9.015625,-5.8046875,0.0,0.62890625,-0.359375,0.04296875,0.15625,0.0,0.0,-0.140625,-0.05078125,-0.0013427734375,72.546447298
421,5.84375,-4.2421875,77.5390625,-16.2890625,0.0,0.0,8.984375,-5.78125,0.0,0.5625,-0.21484375,0.01953125,0.0390625,0.0,0.0,-0.05078125,-0.0625,0.0,72.635223378
422,6.1328125,-4.59375,77.46875,-16.2890625,0.0,0.0,8.96875,-5.75,0.0,1.3984375,-0.7265625,0.0078125,0.12890625,0.0,0.0,-0.01953125,-0.046875,-0.0013427734375,72.72187829500001
423,6.109375,-4.6015625,77.4375,-16.1796875,0.0,0.0,8.9453125,-5.7265625,0.0,1.09375,-0.6875,0.0390625,0.1328125,0.0,0.0,0.00390625,-0.0390625,-0.0013427734375,72.804476951
424,6.4453125,-4.8359375,77.4296875,-16.1328125,0.0,0.0,8.9375,-5.7265625,0.0,2.71875,-0.59765625,0.01171875,0.1484375,0.0,0.0,0.02734375,-0.01953125,-0.0013427734375,72.889443184
425,6.40625,-4.9296875,77.390625,-16.09375,0.0,0.0,8.953125,-5.703125,0.0,2.6328125,-0.59765625,0.0390625,0.12109375,0.0,0.0,0.0703125,-0.01953125,-0.0013427734375,72.97285450000001
426,6.5625,-5.03125,77.359375,-15.9921875,0.0,0.0,8.9453125,-5.703125,0.0,2.625,-0.50390625,0.04296875,0.13671875,0.0,0.0,0.07421875,-0.01171875,-0.0013427734375,73.057102615
427,6.4765625,-5.078125,77.3203125,-15.9453125,0.0,0.0,8.921875,-5.6875,0.0,2.265625,-0.3046875,0.01953125,0.13671875,0.0,0.0,0.125,-0.02734375,-0.0013427734375,73.143583533
